Job Title,Salary Estimate,Job Description,Rating,Company Name,Location,Headquarters,Size,Founded,Type of ownership,Industry,Sector,Revenue,Competitors
Data Scientist,Employer Provided Salary:$48 - $58 Per Hour,"Job Post: Data Scientist II
Number of Positions: 2
Duration: 06 Months
Location: Works From Home/Colorado
Description:
Some of the characteristics the manager is looking for in a contractor for this role are:
Knowledge and experience in building and analyzing linear regression, logistic regression, generalized linear models, and time-series models",-1,Tech True Up,Remote,-1,-1,-1,-1,-1,-1,-1,-1
Data Scientist,Employer Provided Salary:$101K - $165K,"Your Opportunity

Are you all about leveraging data to provide customers better products and grow business? Then we want you!


We are looking for qualified candidates to design, develop, implement and monitor scalable machine learning solutions for dynamic financial products, deliver insights from complex data structures with clear narratives and creative visualizations. People who can work collaboratively and partner closely with a cross functional team to develop, deploy, verify product quality, and maintain the predictive model lifecycle to help provide business value for the organization.",3.9,"Charles Schwab
3.9","Austin, TX",-1,10000+ Employees,1973,Company - Public,Investment Banking & Asset Management,Finance,$10+ billion (USD),-1
Mathematical Statistician (Data Scientist) or Statistician (Data Scientist),Employer Provided Salary:$109K - $173K,"Duties
Summary
Click on """" button below to view Eligibilities being considered and other IMPORTANT information.

WHERE CAN I FIND OUT MORE ABOUT OTHER IRS CAREERS? Visit us on the web at www.jobs.irs.gov",3.7,"US Internal Revenue Service
3.7","Charlotte Amalie, VI",-1,10000+ Employees,1862,Government,Federal Agencies,Government,Unknown / Non-Applicable,-1
Data Scientist,Employer Provided Salary:$24 - $29 Per Hour,"Data Scientist for Halo Solutions
Job Title: Data Scientist
Location: Remote
Terms: Part time, Contract basis
Company Description:
Our central goal at Halo Solutions is helping healthcare organizations use their data more effectively.
Our primary focus right now is preventing missed cancer diagnoses using artificial intelligence. In order to do this, we work closely with data scientists, software engineers, physicians, and hospital administrators, all of whom share a common vision for improving patient health.",-1,Halo Solutions,Remote,-1,-1,-1,-1,-1,-1,-1,-1
Data Scientist,Employer Provided Salary:$58 - $63 Per Hour,"Data Scientist
12months- Irving TX(Remote for now)
provides their expertise to a team of data engineers, data scientists, and ml engineers to help develop, design, and implement data-driven services to improve Client’s eCommerce platform.
To accomplish this, the position will require extensive knowledge of data analytics and modeling to ensure that best practices are used when developing these initiatives.
Due to the variety of areas this team will execute within, the Data Scientist may need to research approaches/concepts and translate that information into a valid solution.",-1,veritis group inc,"Irving, TX",-1,-1,-1,-1,-1,-1,-1,-1
Jr. Data Scientist,Employer Provided Salary:$53K - $110K,"KesarWeb is an industry-leading software solutions provider as well as an IT training provider for over a decade now.
Position: Strictly W2 Only
Responsibilities:
Work with developers to design algorithms and flowcharts
Produce clean, efficient code based on specifications
Integrate software components and third-party programs
Verify and deploy programs and systems
Troubleshoot, debug and upgrade existing software",-1,KesarWeb,"Point a la Hache, LA",-1,-1,-1,-1,-1,-1,-1,-1
Data Scientist,Employer Provided Salary:$85K - $139K,"At Liberty Mutual, our purpose is to help people embrace today and confidently pursue tomorrow. That's why we provide an environment focused on openness, inclusion, trust and respect. Here, you'll discover our expansive range of roles, and a workplace where we aim to help turn your passion into a rewarding profession.
Liberty Mutual has proudly been recognized as a “Great Place to Work” by Great Place to Work® US for the past several years. We were also selected as one of the “100 Best Places to Work in IT” on IDG's Insider Pro and Computerworld's 2020 list. For many years running, we have been named by Forbes as one of America's Best Employers for Women and one of America's Best Employers for New Graduates—as well as one of America's Best Employers for Diversity. To learn more about our commitment to diversity and inclusion please visit: https://jobs.libertymutualgroup.com/diversity-inclusion
We value your hard work, integrity and commitment to make things better, and we put people first by offering you benefits that support your life and well-being. To learn more about our benefit offerings please visit: https://LMI.co/Benefits

16",3.8,"Liberty Mutual Insurance
3.8",Remote,-1,10000+ Employees,1912,Company - Private,Insurance Carriers,Insurance,$10+ billion (USD),-1
Data Scientist,Employer Provided Salary:$79K - $181K,"About Home Lending Pal
Home Lending Pal is using artificial intelligence and distributed ledger technology to turn the complex mortgage research and origination process into an Amazon-like online shopping experience that is financially inclusive for all. We do this by using distributed ledger technology to creates a double-blind scenario for financial review and AI-powered underwriting analysis.
We have partnered with some of the top companies in the mortgage industry to make this change happen. We understand that accomplishing this challenge requires a creative, team-oriented, and supportive environment where everyone can do their absolute best work. The Home Lending Pal team is composed of incredibly driven, innovative, collaborative, and curious people who love architecting and building from scratch. Everyone at the company is encouraged to be an individual contributor but also a team collaborator.",-1,Home Lending Pal,Remote,-1,-1,-1,-1,-1,-1,-1,-1
Data Scientist- Full Time,-1,"We Are Hiring:
Why join Ascension?
Caring Team: Working together as a team, our associates are incredibly supportive of each other and care for each other as family.
More Than a Job: Working for Ascension is more than just a job. It’s a career where your talent and passion for delivering quality healthcare can make a difference for patients, team members, and the community. With a mission established 100 years ago, your role on the team will contribute to a legacy that has supported our community for over a century.
Strength in our People: At Ascension, we believe our people are our strength and we invest in them. In addition to the chance to have a positive impact on the people and communities we serve, associates benefit from significant professional opportunities, career advancement, training and competitive wages. Tuition reimbursement for qualifying degree programs. We also support work-life balance and spirituality in the workplace.
What You Will Do:
What You Will Need:
Additional Preferences:
Why Join Our Team:



Equal Employment Opportunity Employer:








E-Verify Statement:",3.5,"Ascension
3.5","South Jacksonville, FL",-1,10000+ Employees,1999,Nonprofit Organization,Health Care Services & Hospitals,Health Care,$10+ billion (USD),-1
"Data Scientist, Analytics",-1,"As a Data Scientist at Facebook, you will shape the future of people-facing and business-facing products we build across our entire family of applications (Facebook, Instagram, Messenger, WhatsApp, Oculus). By applying your technical skills, analytical mindset, and product intuition to one of the richest data sets in the world, you will help define the experiences we build for billions of people and hundreds of millions of businesses around the world. You will collaborate on a wide array of product and business problems with a diverse set of cross-functional partners across Product, Engineering, Research, Data Engineering, Marketing, Sales, Finance and others. You will use data and analysis to identify and solve product development’s biggest challenges. You will influence product strategy and investment decisions with data, be focused on impact, and collaborate with other teams. By joining Facebook, you will become part of a world-class analytics community dedicated to skill development and career growth in analytics and beyond.Product leadership: You will use data to shape product development, quantify new opportunities, identify upcoming challenges, and ensure the products we build bring value to people, businesses, and Facebook. You will help your partner teams prioritize what to build, set goals, and understand their product’s ecosystem.Analytics: You will guide teams using data and insights. You will focus on developing hypotheses and employ a diverse toolkit of rigorous analytical approaches, different methodologies, frameworks, and technical approaches to test them.Communication and influence: You won’t simply present data, but tell data-driven stories. You will convince and influence your partners using clear insights and recommendations. You will build credibility through structure and clarity, and be a trusted strategic partner.",4.3,"Facebook
4.3","Burlingame, CA",-1,10000+ Employees,2004,Company - Public,Internet,Information Technology,$10+ billion (USD),-1
Data Assimilation Scientist,Employer Provided Salary:$70K - $103K,"Payroll Title:
RSCH DATA ANL 3
Department:
CLIMATE/ATMOS SCI/PHY OCEANOG
Hiring Salary Range
$70,100 - $103,100 / Year
Worksite:
SIO
Appointment Type:
Career
Appointment Percent:
100%
Union:
Uncovered
1
8 hrs/day, Mon-Fri",4.3,"UC San Diego
4.3","San Diego, CA",-1,10000+ Employees,1960,College / University,Colleges & Universities,Education,Unknown / Non-Applicable,-1
PRAC Data Scientist,Employer Provided Salary:$90K - $100K,"Custom Software Systems Inc. is seeking a Data Scientist with five (5) or more years hands-on experience of data management and advanced analytic techniques, experience developing analytic rules and models using leading edge fraud analytic tools and best practices and coding rules and models using open-source programming techniques and tools.
REQUIRED QUALIFICATIONS:
Must be a US Citizen
The Data Scientist shall have five (5) or more years of hands-on experience developing analytic rules and models using leading edge fraud analytic tools and best practices
The Data Scientist must have five (5) or more years of hands-on experience of data management and advanced analytic techniques",4.5,"Custom Software Systems, Inc.
4.5","Washington, DC",-1,1 to 50 Employees,1990,Company - Private,IT Services,Information Technology,$1 to $5 million (USD),-1
Data Scientist,-1,"We’re looking for problem solvers, innovators, and dreamers who are searching for anything but business as usual. Like us, you’re a high performer who’s an expert at your craft, constantly challenging the status quo. You value inclusivity and want to join a culture that empowers you to show up as your authentic self. You know that success hinges on commitment, that our differences make us stronger, and that the finish line is always sweeter when the whole team crosses together.
Alteryx is searching for a Data Scientist in our Ann Arbor, Michigan office ( REMOTE is an option).
Position Overview:
The Data Science and Innovation Lab creates technologies, tools, and products to put data science in the hands of anyone that has a problem to solve. We prioritize quality and customer experience in everything we build.",3.5,"Alteryx, Inc.
3.5",Remote,-1,1001 to 5000 Employees,1997,Company - Public,Enterprise Software & Network Solutions,Information Technology,$100 to $500 million (USD),-1
Data Scientist - Contract-to-Hire 100% Remote,-1,"Company Description
CoEnterprise is an award-winning B2B software and professional services company headquartered in New York City. Founded in 2010, CoEnterprise delivers Supply Chain and Business Analytics solutions and services that transform how companies connect and do business. CoEnterprise approaches each relationship and engagement from the perspective of three core values: collaboration, ownership, and excellence. We value collaboration with both our partners and clients in order to present the best possible outcome for our customers. Our vow to accept ownership ensures that our entire staff takes pride in our work and it is our commitment to excellence that ensures that this work is at the highest standard possible.
Job Description*_
Technical aspect of the JD_*
A candidate for this position must have had around 8-10 years of total IT experience and have spent at least 4 years working in the data science domain within a fast-paced and complex business setting, preferably working as a Data Scientist.",3.6,"CoEnterprise, LLC
3.6","New York, NY",-1,51 to 200 Employees,2010,Company - Private,Enterprise Software & Network Solutions,Information Technology,$25 to $50 million (USD),-1
Data Scientist,Employer Provided Salary:$90K - $120K,"Ibotta is seeking a Data Scientist to join our innovative team and contribute to our mission to Make Every Purchase Rewarding. Our newly formed and growing Core Data Science Team provides high-quality, on-time data science-related products and services across all business areas and teams within Ibotta. We do this by providing thought leadership, subject matter expertise, evangelism and governance of business-critical data science initiatives.

As a Data Scientist, you'll have the unique, challenging, and rewarding opportunity to build the foundation of data and data science within the company. You'll be able to create and own greenfield opportunities to make big positive impacts on the business across several teams and business areas. You'll have the chance to own the data science technology of one or more important core business domains, from collaborating with stakeholders, through the full model development lifecycle. You'll be able to advance not only your technical skills, but your organizational and leadership skills as well, by contributing to the creation of best practices for the team and company, and learning from the more senior scientists and managers on the team.

This position is located in Denver, Colorado or with the option of full-time remote. Candidates must live in the United States.


Embrace and uphold Ibotta's Core Values of Integrity, Boldness, Ownership, Teamwork, Transparency, & Advocate for Savers to help Make Every Purchase Rewarding
Provide subject matter expertise and ownership of one or more of the company's core business domains
Contribute to creating best practices for the team
Initiate and drive collaboration with stakeholders, architects, and data engineers to discover, define, cleanse, and refine the data needed for analysis and modeling
Analyze large and novel datasets to extract actionable insights to inform model development and understand consumer behavior
Provide customized views of large and complex datasets to support data analysis and business decision-making
Inform experimental design to formulate solutions addressing major business challenges and innovation opportunities
Build models using a variety of statistical and machine learning techniques, from selecting the best type of model for the problem to using techniques to measure and optimize model performance
Harden data pipelines and models for production deployment and monitoring of performance over time


2+ years of progressive experience in a professional data science, machine learning, statistics, or data analysis role, or related experience
A passion for driving important decisions using data and data storytelling
A love of learning and continuous development, including staying at the forefront of the latest advances in data science and machine learning. Broad-scale community contributions to the fields of data science and machine learning in the way of conference presentations, professional publications, and/or recognized internet presence are a strong plus
Demonstrated knowledge, skills, and abilities in developing and applying a variety of machine learning and statistical algorithms
Demonstrated Python and/or R skills. Spark or PySpark experience is a strong plus
Broad and general statistical and mathematical knowledge and skills
Excellent analytical and problem solving skills
Demonstrated knowledge, skills, and abilities in database manipulation, query languages, and graph data schemas
Exposure to or interest in manipulating complex data to apply business rules for improved feature engineering within data lakes, distributed systems, and data streams
Exposure to or interest in MLOps a strong plus


Built in Denver, CO, Ibotta (""I bought a..."") is a free mobile shopping app that gives users cash back on groceries and more. Through our partnerships with brands and retailers like Procter & Gamble, Kraft Heinz, Kellogg, Amazon, Walmart, Target, and Uber, we've delivered over $1B in cumulative cash rewards to our Savers. Guided by our values and our mission to make every purchase rewarding, we come to work energized by the business problems we get to solve, the technology we get to build, and the people we get to innovate (and have fun) with. Ibotta made Inc.'s 2020 list of the 5000 fastest-growing private companies in the U.S. for the third consecutive year. In 2019, we became the first mobile consumer technology company in Colorado to achieve $1B in valuation.

To learn more about what our Tech teams are doing day to day, visit Building Ibotta on Medium.com .


This position is located in Denver, CO or with the option of full-time remote and includes competitive pay, flexible time off, benefits package (including medical, dental, vision), Lifestyle Spending Account, 401k match, profit sharing and equity. Candidates must live in the United States.
$90,000-$120,000.
Ibotta is an Equal Opportunity Employer. Ibotta's employment decisions are made without regard with race, color, religion, national origin, age, sex, marital status, ancestry, physical or mental disability, veteran status, gender identity, sexual orientation, or any other legally protected status.
Applicants must be currently authorized to work in the United States on a full-time basis
For the security of our employees and the business, all employees are responsible for the secure handling of data in accordance with our security policies, identifying and reporting phishing attempts, as well as reporting security incidents to the proper channels.

#BI-Remote

#LI-Remote",3.8,"Ibotta
3.8","Denver, CO",-1,501 to 1000 Employees,2012,Company - Private,Internet,Information Technology,Unknown / Non-Applicable,-1
Staff Data Scientist - AI Ethics,Employer Provided Salary:$149K - $217K,"Your Job
The AI Ethics team at Indeed builds systems and processes that advance responsible AI to equitably benefit all job seekers and employers. Our team works on new challenges that have the potential to reshape our business: we define and build the tools that make finding and hiring for jobs measurably fair, accountable, and transparent. This multi-disciplinary team is a mix of research and execution that drives measurable value; we work with the entire organization to define solutions. As the experts in AI ethics we are responsible for uncovering new opportunities across Indeed’s entire operation and collaborating with teams to validate transformative ideas. Our objective is to be the gold standard in practical AI ethics and demonstrable algorithmic fairness. We’re a fast-growing group including capabilities. AI Ethics efforts are high-visibility and rapidly evolving as we define the practice for our business while incorporating current research in the domain. This senior data scientist will significantly influence the way algorithmic responsibility and ethical data practices are operationalized across the company. You will translate abstract calls into practical strategies and rigorous methods, empowering teams to assess the algorithmic impact of their products on fairness in the labor market.",4.3,"Indeed
4.3","San Francisco, CA",-1,10000+ Employees,2004,Company - Private,Internet,Information Technology,$2 to $5 billion (USD),-1
"Data Scientist I, Cat Digital",-1,"Career Area:
Information Analytics
Job Description:
The Cat® Digital group is the digital technology arm of Caterpillar Inc., responsible for bringing world class capabilities to our products and services. With almost one million connected assets worldwide, we're focused on using data, advanced analytics, and AI capabilities to help our customers build a better world. To accomplish this, we’re deploying analytics that generate insights, recommend optimized decisions, and improve products by intelligently integrating massive quantities of telematics information, transactional records, images, unstructured documents, and other data sources. Join our group of world-class data scientists and apply machine learning to remote sensor data to diagnose potential issues and schedule proactive repairs before failures arise. Or improve products and product recommendations by developing a detailed understanding of how customers use their Cat equipment. The opportunity to make an impact is remarkable!

Relocation is available for this position.
Visa sponsorship available for eligible applicants.",3.9,"Caterpillar
3.9","Chicago, IL",-1,10000+ Employees,1925,Company - Public,Industrial Manufacturing,Manufacturing,$10+ billion (USD),-1
Junior Data Scientist,-1,"Overview:
LMI is a consultancy dedicated to powering a future-ready, high-performing government, drawing from expertise in digital and analytic solutions, logistics, and management advisory services. We deliver integrated capabilities that incorporate emerging technologies and are tailored to customers’ unique mission needs, backed by objective research and data analysis. Founded in 1961 to help the Department of Defense resolve complex logistics management challenges, LMI continues to enable growth and transformation, enhance operational readiness and resiliency, and ensure mission success for federal civilian and defense agencies.

This position is embedded within our Advanced Analytics & AI practice. Leverage your curiosity and problem-solving skills to explore, discover, and predict patterns contained within data sets for a wide range of government clients. This includes the derivation of clear narratives that help our clients understand their data and how those insights address their research questions.
Responsibilities:
Qualifications:",4.3,"Logistics Management Institute
4.3","Tysons Corner, VA",-1,1001 to 5000 Employees,1961,Company - Private,Consulting,Business Services,$100 to $500 million (USD),-1
"Data Scientist, Intermediate",Employer Provided Salary:$81K - $130K,"Collaborate with assigned departments to provide actionable data-driven insights through research and analysis of data sources and development of statistical mathematical and predictive models. Support departments to make informed data-driven decisions to meet quality and business objectives. Understand all phases of the analytic process including data collection preparation modeling evaluation and deployment. Explore and examine data from multiple disparate sources in order to identify provide reporting on and analyze trends in the data as well as regular reporting for assigned departments. Establish links across existing data sources and find new interesting data correlations. Develop statistical mathematical and predictive models using strategic business understanding to build the algorithms necessary to ask the right questions and find the right answers. Stay appraised of all assigned initiatives providing reporting and analytics that will allow the group to make informed data-driven decisions to meet business objectives. Visualize and report data findings creatively in a variety of visual formats that appropriately provides insights to the stakeholders. Under general supervision formulates and defines analytic scope and objectives through research and fact-finding. Is able to answer defined questions about health system functions/operations/populations using appropriate statistical techniques on available data. Drives the collection of new data and the refinement of existing data for new purposes. Analyze and interpret the results of experiments to create cost effective and process-efficient alternatives enhancements or modification. Competent to work on most phases of data analysis and associated programming activities.
Position Compensation Range: $81,078.40 - $129,708.80 Annual",3.4,"UVA Medical Center
3.4","Greenfields, VA",-1,5001 to 10000 Employees,1825,Hospital,Health Care Services & Hospitals,Health Care,$1 to $5 million (USD),-1
Data Scientist,-1,"About GM
There’s never been a more exciting time to work for General Motors.

To achieve our vision of a world with Zero Crashes, Zero Emissions and Zero Congestion, we need people to join us who are passionate about creating safer, better and more sustainable ways for people to get around. This bold vision won’t happen overnight, but just as we transformed how the world moved in the last century, we are committed to transforming how we move today and in the future.
Why Work for Us
Our culture is focused on building inclusive teams, where differences and unique perspectives are embraced so you can contribute to your fullest potential as you pursue your career. Our locations feature a variety of work environments, including open work spaces and virtual connection platforms to inspire productivity and flexible collaboration. And we are proud to support our employees volunteer interests, and make it a priority to join together in efforts that give back to our communities.",4.0,"General Motors
4.0","Austin, TX",-1,10000+ Employees,1908,Company - Public,Transportation Equipment Manufacturing,Manufacturing,$10+ billion (USD),-1
"Senior Data Scientist, Advertising",-1,"Data, Research & Insights
Data Science
We work at the intersection of advertising and messaging technologies to connect millions of brands to billions of fans. As part of the Advertising team, we’re paving the way for a sustainable global Spotify business that allows even more creators to make a living off their art. Come join us and help build the platform that powers promotion at Spotify.
Location
New York or Remote Americas
Job type
Permanent
We are looking for a Data Scientist to join Spotify’s Advertising Business Unit. The Advertising Business Unit is responsible for the success of Spotify’s freemium business model that allows us to deliver an amazing free experience to more than 200 million users worldwide.",4.2,"Spotify
4.2","New York, NY",-1,5001 to 10000 Employees,2006,Company - Public,Internet,Information Technology,Unknown / Non-Applicable,-1
Data Scientist,Employer Provided Salary:$120K,"We're looking for a new team member to be our lead Data Scientist at our cutting-edge startup working to bring new underwater data software to market. A candidate should have 5-10 years of experience, preferably in an artificial intelligence field, and must be able to perform dedicated, high-quality work while fitting in to our highly dynamic team. We are a distributed team—remote candidates are welcome. In addition, motivated, qualified team members are selected to participate in our site demonstrations and field expeditions to lakes, caves, the high seas, the Arctic, and Antarctic.
Position Primary duties:
Lead data science projects in the field of underwater data processing.
Maintain the Company’s artificial intelligence expertise.
Design, development, analysis, and test advanced data processing systems.",-1,"Sunfish, Inc.",Remote,-1,-1,-1,-1,-1,-1,-1,-1
Data Scientist,Employer Provided Salary:$125K - $140K,"Data Scientist
Responsible for the providing expertise in securely transferring big data into new formats to make it more appropriate for analysis.
What You Will Do:
Data Scientist(s) will provide expertise in securely transferring big data into new formats to make it more appropriate for analysis with insights gained from analyzing volumes of government data and other proprietary data bases; create new, experimental frameworks to collect and analyze data; search through large data sets for usable information; create reports and presentations for investigative and auditing purposes; and correlate similar data to find actionable results. The ideal candidate has experience in supporting law enforcement and oversight missions and personnel that are adept at using large data sets to find indicators of fraud or vulnerabilities in internal controls and to test the effectiveness of proposed recommendations for corrective action. Data Scientist(s) must have strong experience using a variety of data mining/data analysis methods, using a variety of data tools, to include Azure Synapse, building and implementing models, using/creating algorithms and creating/running simulations, such as regressions and clustering.",5.0,"Prudent Technology
5.0",Remote,-1,1 to 50 Employees,-1,Company - Private,Enterprise Software & Network Solutions,Information Technology,$1 to $5 million (USD),-1
Data & Applied Scientist,-1,"WebXT Platform Team is building a brand new service, with an ambition to scale to all products in WebXT providing necessary intelligence and infrastructure to discover product gaps, synthesize comprehensive set of scenarios in collaboration with product teams, validate large number of scenrios leveraging crowdsourced platforms, auto generate user perceived quality score representative of the health of functionalities offered by the product. This will enable teams to be in control of their feature quality and take pride in their product, with minimal effort.

Central to this system will be ML models which can take user behavior logs and visual session logs as inputs and detect anomalies in data coverage/click patterns/information density and visual layouts across products. These anomalies that are detected will seed the patterns of product quality gaps, to be further analyzed and submitted by the teams as inputs into the system for regular validations. This is a new key investment for entire WebXT Org. To name a few products this service is expected to support are - Bing, Maps, Edge, Windows Feeds.

We are looking for someone who is passionate about formulating this ML problem and solving it in a generic way across products with high coverage and minimal noise, leveraging the richness of data available. The role requires quick prototyping to deliver on the vision in collaboration with a strong team of software engineers.",4.4,"Microsoft
4.4","Bellevue, WA",-1,10000+ Employees,1975,Company - Public,Computer Hardware & Software,Information Technology,$10+ billion (USD),-1
"Director, Data Scientist",Employer Provided Salary:$149K - $250K,"Your Opportunity

Are you all about leveraging data to provide customers better products and grow business? Then we want you!

This is a great opportunity to apply your experience as a data science leader while working with business partners to drive data-driven solutions. Our large client base and multi-channel transaction volume offers a fertile data environment to uncover new insights and answers to key business questions. Our dynamic business generates many questions that provide lots of opportunity to get deep in data and have real impact.

We are looking for qualified candidates to lead cross-functional teams of data scientists, data engineers and systems engineers to design, develop, implement and monitor scalable machine learning solutions for dynamic financial products, deliver insights from complex data structures with clear narratives and creative visualizations. People who can work collaboratively and partner closely with a cross functional team to develop, deploy, verify product quality, and maintain the predictive model lifecycle to help provide business value for the organization.",3.9,"Charles Schwab
3.9","Lone Tree, CO",-1,10000+ Employees,1973,Company - Public,Investment Banking & Asset Management,Finance,$10+ billion (USD),-1
Entry Level Data Scientist,-1,"CALSTART is seeking a highly motivated, experienced, and results-oriented Entry-Level Data Scientist (DS) who will play a critical role in developing CALSTART's data storage infrastructure, including maintaining an application programming interface (API) for users to access a wide variety of data derived from clean transportation programs throughout the country. The DS will create automated workflows to ingest data from a variety of sources before loading into a relational database and/or storing in raw formats in a backed-up file system. The DS will develop routines to calculate metrics at the levels of vehicle, fleet, project, and various spatial hierarchies (i.e. zip code or county). These metrics will then be served through an API for access internally and externally by authorized clients via web and desktop applications. The DS will work with CALSTART staff, external parties, and prospective users to develop the workflows, API, and reports.
The Data Scientist will also:",4.0,"CALSTART
4.0","Pasadena, CA",-1,51 to 200 Employees,-1,Nonprofit Organization,Social Assistance,Non-Profit,$25 to $50 million (USD),-1
Data Scientist,-1,"Use industry leading data science and artificial intelligence (AI) practices to deliver on Castell’s mission to “accelerate the transition from volume to value-based systems of care, improve outcomes, and make costs more affordable—for everyone”; making healthcare more affordable and higher quality; and making a difference in the patients and communities we serve. Castell is built on our success in managing health—specifically, a proven value-based clinical care model called Reimagined Primary Care. Originally created by Intermountain Healthcare, Reimagined Primary Care successfully implemented fee-for-value in the trial clinics. We’ve built on that knowledge to create a best-in-class health platform with a comprehensive suite of offerings. Castell Data Scientists develop end-to-end data science applications that apply predictive, prescriptive, and cognitive analytic methods to system-wide clinical and operational strategic initiatives and analytics products that serve both internal and external customers.

Castell is seeking to continue creating a diverse work culture to match the diverse communities we serve. We are looking for applicants from all backgrounds to help us get the best talent.

This position has the option to be fully remote as part of Castell initiative to accommodate a new collaborative working environment. We prioritize strong team collaborative culture with a focus on work life balance.




Key Bank Tower
Salt Lake City
Utah
40",3.5,"Intermountain Healthcare
3.5","Salt Lake City, UT",-1,10000+ Employees,1975,Nonprofit Organization,Health Care Services & Hospitals,Health Care,$5 to $10 billion (USD),-1
Data Scientist,-1,"Remote until September 2021 at earliest, then can be either remote or based in Emeryville, or Riverside, CA
Want to work on a mission-driven team with huge reach and scale that is improving health in California? Come join our team. MX is committed to improving patient experience, enhancing health, and reducing healthcare costs by making it easier for doctors, hospitals, health plans and other care providers to share health information. Today we share health records for 26 million Californians, over 120 hospitals and more than 1,000 organizations.
Report to the Director, Data Management and Governance to generate in-depth customer-facing analyses and reports using MX data (e.g. healthcare trends, adherence, gaps in care) and design Tableau dashboards for internal and external customers. You will also support and conduct ad-hoc requests for data analysis, data quality and integrity.
Responsibilities",4.1,"Manifest Medex
4.1","Emeryville, CA",-1,1 to 50 Employees,-1,Nonprofit Organization,-1,-1,Unknown / Non-Applicable,-1
Data Science Content Developer,Employer Provided Salary:$24 - $48 Per Hour,"Interview Query is a small data science startup completely remote! Our mission is to help anyone in the data science field pass their interviews and land a data science job with our data science preparation materials.
To help fuel our next phase of growth, we are seeking a high-energy and ambitious Data Science Content Developer to help us with creating learning materials. As a key hire in product and operations, this person's responsibility will be to work on sharing their expertise in data science, analytics, and machine learning to our broader customer base.
You will have the opportunity to work with the founders towards learning how to build a business and grow a business while writing to a target technical demographic. You will have a large scope of responsibility with the ability to see the results of your work reflected immediately. This is a great experience for anyone interested in entrepreneurship.",-1,Interview Query,Remote,-1,-1,-1,-1,-1,-1,-1,-1
Statistician (Data Scientist),Employer Provided Salary:$53K - $146K,"Duties
Summary
WHAT IS THE RESEARCH, APPLIED ANALYTICS AND STATISTICS (RAAS) DIVISION?
Research, Applied Analytics, and Statistics (RAAS) anticipates and meets customers’ needs by providing leading research, analytical, statistical, and technology services. RAAS provides an intellectually challenging and supportive environment for our employees.
See Other Information for Locations.",3.7,"US Internal Revenue Service
3.7","Charlotte Amalie, VI",-1,10000+ Employees,1862,Government,Federal Agencies,Government,Unknown / Non-Applicable,-1
Staff Data Scientist - AI Ethics,$149K - $217K (Employer est.),"Your Job
The AI Ethics team at Indeed builds systems and processes that advance responsible AI to equitably benefit all job seekers and employers. Our team works on new challenges that have the potential to reshape our business: we define and build the tools that make finding and hiring for jobs measurably fair, accountable, and transparent. This multi-disciplinary team is a mix of research and execution that drives measurable value; we work with the entire organization to define solutions. As the experts in AI ethics we are responsible for uncovering new opportunities across Indeed’s entire operation and collaborating with teams to validate transformative ideas. Our objective is to be the gold standard in practical AI ethics and demonstrable algorithmic fairness. We’re a fast-growing group including capabilities. AI Ethics efforts are high-visibility and rapidly evolving as we define the practice for our business while incorporating current research in the domain. This senior data scientist will significantly influence the way algorithmic responsibility and ethical data practices are operationalized across the company. You will translate abstract calls into practical strategies and rigorous methods, empowering teams to assess the algorithmic impact of their products on fairness in the labor market.",4.3,"Indeed
4.3","Seattle, WA",-1,10000+ Employees,2004,Company - Private,Internet,Information Technology,$2 to $5 billion (USD),-1
Principle Data Scientist,$149K - $217K (Employer est.),"Overview:
We are a 6-year-old growing insurance technology startup looking to build out and refine our NLP capabilities for the mining of unstructured and quasi-structured data.
Role:
The Principal Data Scientist must be an expert in the full data life cycle with commercial production experience in NLP. The candidate must review the data we have, understand the business problems we are trying to solve, and craft the best solutions given the limitations of data, and the current state of various NLP technologies. In addition, the Principal Data Scientist must produce deliverable results and take them from development to production in collaboration with our engineers.",-1,LineSlip Solutions,Remote,-1,-1,-1,-1,-1,-1,-1,-1
Data Scientist,$149K - $217K (Employer est.),"Overview:
Careers with Sound!!
If you want to be part of dynamic team within a comprehensive outpatient program. We offer a stimulating and supportive working environment, excellent and abundant supervision, and opportunities for professional growth.

The Data Scientist will help Sound discover the information hidden in vast amounts of data, and transform the organization to implement data-driven decision-making to deliver excellent health care for our clients.The role will work cross-functionally with other departments to drive value from their data and improve processes. The core technical duties include exploratory data analysis, data pre-processing & feature engineering, statistical analysis, machine learning models, data visualization, and reporting. The Data Scientist will produce end products including high quality dashboards, prediction systems, and presentations of analysis to stakeholders.
Responsibilities:

Qualifications:",3.2,"Sound
3.2","Tukwila, WA",-1,501 to 1000 Employees,1966,Nonprofit Organization,Health Care Services & Hospitals,Health Care,$50 to $100 million (USD),-1
Data Scientist 1,$149K - $217K (Employer est.),"Who we are: Fueled by a fundamental belief that having access to financial services creates opportunity, PayPal (NASDAQ: PYPL) is committed to democratizing financial services and empowering people and businesses to join and thrive in the global economy. Our open digital payments platform gives PayPal’s 392 million active account holders the confidence to connect and transact in new and powerful ways, whether they are online, on a mobile device, in an app, or in person. Through a combination of technological innovation and strategic partnerships, PayPal creates better ways to manage and move money, and offers choice and flexibility when sending payments, paying or getting paid. Available in more than 200 markets around the world, the PayPal platform, including Braintree, Venmo and Xoom enables consumers and merchants to receive money in more than 100 currencies, withdraw funds in 56 currencies and hold balances in their PayPal accounts in 25 currencies.
Job Description Summary: Fueled by a fundamental belief that having access to financial services creates opportunity, PayPal (NASDAQ: PYPL) is committed to democratizing financial services and empowering people and businesses to join and thrive in the global economy. Our open digital payments platform gives PayPal’s 254 million active account holders the confidence to connect and transact in new and powerful ways, whether they are online, on a mobile device, in an app, or in person. Through a combination of technological innovation and strategic partnerships, PayPal creates better ways to manage and move money, and offers choice and flexibility when sending payments, paying or getting paid. Available in more than 200 markets around the world, the PayPal platform, including Braintree, Venmo and Xoom enables consumers and merchants to receive money in more than 100 currencies, withdraw funds in 56 currencies and hold balances in their PayPal accounts in 25 currencies. The Partner Checkout Analytics team is seeking a Sr. Analyst to join us as an exceptional problem solver with a passion for data insights and a relentless execution focus. Our team is part of the larger Product Analytics organization and we partner with several stakeholders to tackle merchant questions, especially on product performance and optimization, and make sure that PayPal is analytically equipped for these strategic discussions. We cover both branded and unbranded products across PayPal and advise our strategic merchant partners on how to optimize their payment performance and grow with PayPal.",4.1,"PayPal
4.1","San Jose, CA",-1,10000+ Employees,1998,Company - Public,Internet,Information Technology,$10+ billion (USD),-1
Data Scientist,$149K - $217K (Employer est.),"TWO NIL is a growth consultancy that uses a holistic approach to create profitable go to market campaigns – at scale. We provide clients with vertically integrated, unbundled solutions across their acquisition marketing needs, from strategy & planning to execution and optimization & modeling/forecasting. Our clients represent best of breed brands across a diverse range of verticals and geographies.

The Data Scientist develops models and statistical analyses to predict marketing outcomes (e.g. sales and revenue) and understands the impact of advertising investments across multiple channels for companies in various industries. The Data Scientist will be responsible for data prep, model development, model deployment, and maintenance to ensure quality and accuracy. Will provide analytical support to drive business insights for marketing and advertising campaigns. This position requires strong analytical skills in understanding and applying machine learning and optimization techniques as well as the experience in developing in-production data science applications.


Develop innovative modeling approaches for better understanding of the consumer response and the impact of advertising across multiple channels.

Apply state-of-the-art optimization algorithms to guide efficient media budget allocation.

Partner with consulting team to generate actionable recommendations to help clients make data-driven marketing decisions.

Collaborate with Data Engineering in productionizing and deploying data science applications.

Document technical details of work to improve collaboration with other team members.

Guide and mentor junior analysts in best practice regarding methodology.

Keep pace of development in marketing research and continuously drive best practices in the development environment.


Master's degree or above in statistics, computer science, data science, mathematics, economics or other quantitative field

2+ years professional work experience in statistical analysis and model development

Deep understanding of machine learning algorithms and experienced in applying them in real life problems

Experience in applying advanced Bayesian modeling techniques is a plus

Proficiency in querying databases (SQL) and leveraging programming languages (Python etc.) to analyze complex datasets

Familiarity with end-to-end data science workflow and various model deployment methods

Working knowledge in relational database and Amazon Web Services: Redshift, S3, Athena, etc.

Demonstrated problem solving and analytical reasoning skills

Excellent interpersonal, verbal and written communication skills

Experience in marketing analytics and advertising is a plus


Competitive compensation package

Unlimited paid time off policy

Flexible working hours

Benefits (Health, Dental, Vision, Life Insurance, 401k, Flexible Spending Account, fitness reimbursement, parental leave and more)

Community/Volunteer Service – up to 40 hours of paid time off

Catered lunches and stocked kitchen with fresh fruit, snacks, premium coffee & tea, and cold brew coffee

Ongoing learning and classes for employees

Team events and outings

Our team is working remotely due to COVID-19, this is subject to change


Founded in 2011, TWO NIL is a leading growth consultancy with strategy, analytics, and media activation at its core, serving the top direct-to-consumer brands. TWO NIL provides clients with unbundled solutions across their acquisition marketing needs, from growth strategy to execution, media activation, optimization and forecasting. Headquartered in Los Angeles, California, TWO NIL is a trusted guide to corporations across the nation, including 23andMe, Bombas, Dollar Shave Club, Experian, Glassdoor, Blue Apron, RxSense, and many others. To learn more, please visit https://www.twonil.com/ .",2.9,"TWO NIL
2.9",California,-1,1 to 50 Employees,2019,Company - Private,Advertising & Marketing,Business Services,Unknown / Non-Applicable,-1
Data Science (Associate) Scientist,$149K - $217K (Employer est.),"Job responsibilities:
1. Optimize biologics lead discovery process alongside discovery platform team by enhancing high throughput screening and automation concept.
2. Comfortable working with and maintaining state-of-art equipment related to discovery.
3. Manage and process large quantities of data and report in the most informative fashion.
4. Master cutting edge technologies such as NGS and single B cell platforms as related to target and lead identifications.
5. Exercises good lab practice wherever applicable and report to supervisors in timely fashion.",-1,"Innovent Biologics(Suzhou)Co.,Ltd.","Rockville, MD",-1,-1,-1,-1,-1,-1,-1,-1
Data Scientist,$149K - $217K (Employer est.),"Introduction
Illumina’s Clinical Bioinformatics group are looking for an enthusiastic and highly numerate data scientist to join their team based in San Diego, CA to support the development of new Illumina products and help maintain on-market solutions.
Members of the team collaborate closely with lab scientists to support assay development and with software engineers to support software development. The team is responsible for experimental design, data management, data analysis, algorithm development and bioinformatics software development. The ideal candidate will be able to work in a cross-functional team, translating the challenges faced by the group into bioinformatics solutions.
Responsibilities include but are not limited to:
At Illumina, we strive to foster a diverse and inclusive workplace by cultivating an environment in which everyone contributes to our mission. Built on a strong foundation, Illumina has always been rooted in openness, collaboration, and seeking alternative views and perspectives to propel innovation in genomics. We are proud to confirm a zero-net gap in pay, regardless of gender, ethnicity, or race. We also have several Employee Resource Groups (ERG) that deliver career development experiences, increase cultural awareness, and demonstrate our collective commitment to diversity and inclusion in the communities we live and work. We are proud to be an equal opportunity employer committed to providing employment opportunity regardless of sex, race, creed, color, gender, religion, marital status, domestic partner status, age, national origin or ancestry, physical or mental disability, medical condition, sexual orientation, pregnancy, military or veteran status, citizenship status, and genetic information. If you require accommodation to complete the application or interview process, please contact accommodations@illumina.com. To learn more, visit: https://www.dol.gov/ofccp/regs/compliance/posters/pdf/eeopost.pdf",4.1,"Illumina
4.1","San Diego, CA",-1,5001 to 10000 Employees,1998,Company - Public,Biotech & Pharmaceuticals,Biotech & Pharmaceuticals,$2 to $5 billion (USD),-1
Data Scientist,$149K - $217K (Employer est.),"If you are an affable and talented data scientist with excellent attention to detail who enjoys a flexible, fast-paced work environment, Adlumin is the place for you. We are a growing startup in Washington, DC, running a cloud-native, machine learning-empowered Security Information and Event Management (SIEM) platform. Our clients range from small regional financial institutions to multi-national corporations.
The Data Science team at Adlumin collaborates with a team of engineers to automate the ingestion of security logs into the cloud and builds machine learning solutions for empowering IT security. These applications have immediate impact on Adlumin clients, boosting their ability to effectively monitor billions of log messages through online model scoring and highly informative alerts on events that warrant further investigation. You will be joining a team of data scientists committed to cutting-edge research in anomaly detection. The general use case is relatively new and therefore offers the opportunity to write breakthrough algorithms using unsupervised modeling techniques on a wide range of data types.",-1,Adlumin Inc.,"Washington, DC",-1,-1,-1,-1,-1,-1,-1,-1
Data Scientist,$149K - $217K (Employer est.),"What is Calendly?

Calendly takes the work out of scheduling so our customers have more time to work on what's really important. Our software is used by millions of people worldwide—with thousands more signing up every day. To maintain this exciting growth, we're looking for top talent to join our team and help shape the future of our product.

Why join Calendly's Operations team?

Calendly is looking for a Data Scientist to join our fast-growing team. This role will report to the Manager of Data Science and ensure our company has access to analyses and models that assist with executive-level and cross-organizational business growth and product feature investment decisions.

They will work closely with our product, sales, engineering and marketing teams to implement explanatory models that help to improve the customer journey in service to growth and efficiency, i.e. explain the relationships among customers' behavior and business performance.

The right person for the job will have experience with complex data models, quantitative methods and data science tools. They should have a hunger and passion for helping the business ask the right questions to ensure that data deliverables are aligned to success. This is an exciting opportunity to join a growing team that will influence Calendly's direction and growth.

What are some of the high impact opportunities you'll tackle?

Work on high impact business metric-related data science problems such as revenue forecasting, customer behavior modeling and customer segmentation
Develop new data structures to support analyses
Co-create a data science architecture to support production-adjacent models
Assist in the development of a data architecture to support data science, machine learning and analytics
Partner with the sales, marketing, product and CX organizations to discover insights that will uncover optimization opportunities
Ensure timeliness, accuracy and relevance of data and deliverables
Support organization-wide learning and evangelize data science


Bachelor's of Science in a quantitative discipline, such as mathematics, statistics, engineering or computer science
At least 3 years of experience working as a Data Scientist

Demonstrable ability to traverse the data science technology stack: data modeling, model development and visualization

Deep experience working with time series data and related machine learning problems

Experience deploying models to production

SQL, etc

Python, etc

Experience with big data tools such as AWS, GCP & Azure
Authorized to work lawfully in the United States of America as Calendly does not engage in immigration sponsorship at this time

Calendly is registered as an employer in many, but not all, states. If you are not located in or able to work from a state where Calendly is registered, you will not be eligible for employment.",4.1,"Calendly
4.1",Georgia,-1,201 to 500 Employees,2013,Company - Private,Computer Hardware & Software,Information Technology,Unknown / Non-Applicable,-1
