vaga_simplificada,senioridade,nome_empresa,tamanho,tipo_propriedade,industria,setor,receita,cidade,estado,idade_empresa,nota,fg_glassdor_est,fg_por_hora,descricao_qtd_palavras,estatistica,programacao,etl,saas,ferramentas_bi,ml_ai,salario_medio
Manager,Executive,Pathways,5001 to 10000 Employees,Company - Private,Health Care Services & Hospitals,Health Care,Unknown,Richardson,TX,37.0,3.1,1,0,178,0,0,0,0,0,0,83500.0
Data Scientist,Senior,Dealerware,51 to 200 Employees,Company - Private,Enterprise Software & Network Solutions,Information Technology,Unknown,Austin,TX,5.0,4.0,1,0,244,1,0,0,0,0,1,100500.0
Data Analyist,Unknown,"NaphCare, Inc.",501 to 1000 Employees,Company - Private,Health Care Services & Hospitals,Health Care,$50 to $100 million (USD),Birmingham,AL,37.0,3.2,1,0,121,0,1,0,0,0,0,64500.0
Data Scientist,Junior,The Lauridsen Group,501 to 1000 Employees,Company - Public,Miscellaneous Manufacturing,Manufacturing,Unknown,Ankeny,IA,52.0,3.1,1,0,72,0,0,0,0,0,0,107500.0
Data Scientist,Unknown,White Plains Hospital,1001 to 5000 Employees,Hospital,Health Care Services & Hospitals,Health Care,$100 to $500 million (USD),White Plains,NY,128.0,3.9,1,0,55,0,0,0,0,0,0,73500.0
Data Engineer,Unknown,Covenant Physician Partners,1001 to 5000 Employees,Company - Private,Health Care Services & Hospitals,Health Care,$100 to $500 million (USD),Nashville,TN,13.0,4.0,1,0,97,0,0,1,0,0,0,88000.0
Data Scientist,Senior,IsoPlexis,1 to 50 Employees,Company - Private,Unknown,Unknown,Less than $1 million (USD),Branford,CT,37.0,3.6,1,0,186,0,0,0,0,0,0,122000.0
Data Scientist,Senior,Katahdin Analytical Services,1 to 50 Employees,Company - Private,Unknown,Unknown,$5 to $10 million (USD),Scarborough,ME,37.0,2.7,1,0,109,0,0,0,0,1,0,70000.0
Data Scientist,Senior,Denison Pharmaceuticals,51 to 200 Employees,Company - Private,Health Care Products Manufacturing,Manufacturing,$50 to $100 million (USD),Lincoln,RI,37.0,2.8,1,0,76,0,0,0,0,0,0,79500.0
Data Analyist,Unknown,Gundersen - La Crosse Main Campus,5001 to 10000 Employees,Hospital,Health Care Services & Hospitals,Health Care,$100 to $500 million (USD),La Crosse,WI,130.0,3.8,1,0,44,0,0,0,0,0,0,82000.0
Data Analyist,Unknown,Progress Rail Services Corp.,5001 to 10000 Employees,Subsidiary or Business Segment,Rail,Transportation & Logistics,$2 to $5 billion (USD),La Grange,IL,38.0,3.5,1,0,193,0,0,0,0,0,0,82500.0
Data Scientist,Unknown,Charles Schwab,10000+ Employees,Company - Public,Investment Banking & Asset Management,Finance,$10+ billion (USD),Austin,TX,48.0,3.9,0,0,85,0,0,0,0,0,1,133000.0
Data Scientist,Unknown,US Internal Revenue Service,10000+ Employees,Government,Federal Agencies,Government,Unknown,Charlotte Amalie,VI,159.0,3.7,0,0,33,0,0,0,0,0,0,141000.0
Data Scientist,Unknown,veritis group inc,Unknown,Unknown,Unknown,Unknown,Unknown,Irving,TX,37.0,4.0,0,1,86,1,0,0,0,0,1,122000.0
Data Scientist,Unknown,Eden Technologies,51 to 200 Employees,Company - Private,IT Services,Information Technology,$5 to $10 million (USD),Remote,Na,37.0,3.4,0,1,95,1,0,0,0,0,0,155200.0
Data Scientist,Junior,KesarWeb,Unknown,Unknown,Unknown,Unknown,Unknown,Point a la Hache,LA,37.0,4.0,0,0,57,0,0,0,0,0,0,81500.0
Data Scientist,Unknown,World Services LLC,51 to 200 Employees,Company - Private,Unknown,Unknown,Unknown,Remote,Na,37.0,4.7,0,1,212,0,1,1,1,0,0,165300.0
Data Scientist,Unknown,Home Lending Pal,Unknown,Unknown,Unknown,Unknown,Unknown,Remote,Na,37.0,4.0,0,0,133,0,0,0,0,0,1,130000.0
Data Scientist,Unknown,UC San Diego,10000+ Employees,College / University,Colleges & Universities,Education,Unknown,San Diego,CA,61.0,4.3,0,0,32,0,0,0,0,0,0,86500.0
Data Scientist,Unknown,"Information Unlimited, Inc.",Unknown,Unknown,Unknown,Unknown,Unknown,Washington,DC,37.0,4.0,0,0,118,0,1,1,0,1,0,117500.0
Data Scientist,Unknown,"Custom Software Systems, Inc.",1 to 50 Employees,Company - Private,IT Services,Information Technology,$1 to $5 million (USD),Washington,DC,31.0,4.5,0,0,104,0,0,0,0,0,0,95000.0
Data Scientist,Unknown,Clark County Education Association,Unknown,Unknown,Unknown,Unknown,Unknown,Las Vegas,NV,37.0,4.0,0,1,143,1,0,0,0,0,0,38300.0
Data Scientist,Unknown,Indeed,10000+ Employees,Company - Private,Internet,Information Technology,$2 to $5 billion (USD),San Francisco,CA,17.0,4.3,0,0,196,0,0,0,0,0,1,183000.0
Data Scientist,Unknown,Liberty Mutual Insurance,10000+ Employees,Company - Private,Insurance Carriers,Insurance,$10+ billion (USD),Remote,Na,109.0,3.8,0,0,184,0,0,0,0,0,0,112000.0
Data Scientist,Unknown,AR systems inc,Unknown,Unknown,Unknown,Unknown,Unknown,West Warwick,RI,37.0,4.0,0,0,197,0,0,0,0,0,0,110000.0
Data Scientist,Unknown,UVA Medical Center,5001 to 10000 Employees,Hospital,Health Care Services & Hospitals,Health Care,$1 to $5 million (USD),Greenfields,VA,196.0,3.4,0,0,244,1,0,0,0,0,0,105500.0
Data Scientist,Junior,Eagle Rock Analytics,Unknown,Unknown,Unknown,Unknown,Unknown,Remote,Na,37.0,4.0,0,0,149,0,0,0,0,0,0,60000.0
Data Scientist,Unknown,Ibotta,501 to 1000 Employees,Company - Private,Internet,Information Technology,Unknown,Denver,CO,9.0,3.8,0,0,825,1,1,1,0,1,1,105000.0
Data Scientist,Unknown,Indeed,10000+ Employees,Company - Private,Internet,Information Technology,$2 to $5 billion (USD),Seattle,WA,17.0,4.3,0,0,196,0,0,0,0,0,1,183000.0
Data Scientist,Unknown,Sound,501 to 1000 Employees,Nonprofit Organization,Health Care Services & Hospitals,Health Care,$50 to $100 million (USD),Tukwila,WA,55.0,3.2,0,0,125,1,0,0,0,1,1,183000.0
Data Scientist,Unknown,Facebook,10000+ Employees,Company - Public,Internet,Information Technology,$10+ billion (USD),Burlingame,CA,17.0,4.3,0,0,270,0,0,0,0,0,0,183000.0
Data Scientist,Unknown,Tech True Up,Unknown,Unknown,Unknown,Unknown,Unknown,Remote,Na,37.0,4.0,0,1,50,0,0,0,0,0,0,106800.0
Data Scientist,Unknown,Prudent Technology,1 to 50 Employees,Company - Private,Enterprise Software & Network Solutions,Information Technology,$1 to $5 million (USD),Remote,Na,37.0,5.0,0,0,175,0,0,0,1,0,0,132500.0
Data Scientist,Unknown,veritis group inc,Unknown,Unknown,Unknown,Unknown,Unknown,Irving,TX,37.0,4.0,0,1,91,1,0,0,0,0,1,122000.0
Data Scientist,Unknown,"Search Leaders, LLC",1 to 50 Employees,Company - Private,Staffing & Outsourcing,Business Services,Unknown,Minneapolis,MN,23.0,3.6,0,0,138,0,0,0,0,0,0,155000.0
Data Scientist,Unknown,SKAEL,51 to 200 Employees,Company - Private,Enterprise Software & Network Solutions,Information Technology,Unknown,San Francisco,CA,4.0,5.0,0,0,155,0,0,0,0,0,1,130000.0
Data Scientist,Unknown,Facebook,10000+ Employees,Company - Public,Internet,Information Technology,$10+ billion (USD),Burlingame,CA,17.0,4.3,0,0,270,0,0,0,0,0,0,130000.0
Data Scientist,Junior,"Croptix, LLC",Unknown,Unknown,Unknown,Unknown,Unknown,State College,PA,37.0,4.0,0,0,221,0,0,0,0,0,1,130000.0
Data Scientist,Senior,omega solutions inc,1 to 50 Employees,Self-employed,IT Services,Information Technology,Unknown,Santa Ana,CA,37.0,2.8,0,0,95,0,0,0,0,0,0,130000.0
Data Engineer,Unknown,"Certec Consulting, inc",Unknown,Unknown,Unknown,Unknown,Unknown,Remote,Na,37.0,4.0,0,0,50,0,1,0,0,0,1,130000.0
Data Analyist,Unknown,Unsupervised,1 to 50 Employees,Unknown,Unknown,Unknown,Unknown,Colorado,CO,37.0,4.0,0,0,505,0,0,0,0,1,1,130000.0
Data Scientist,Unknown,Stanford Health Care,10000+ Employees,Hospital,Health Care Services & Hospitals,Health Care,$2 to $5 billion (USD),Palo Alto,CA,64.0,3.9,0,0,143,0,0,0,0,0,0,130000.0
Data Engineer,Unknown,IBM,10000+ Employees,Company - Public,IT Services,Information Technology,$10+ billion (USD),Yorktown Heights,NY,110.0,3.9,0,0,774,0,0,0,0,0,1,130000.0
Data Engineer,Junior,Google,10000+ Employees,Company - Public,Internet,Information Technology,$10+ billion (USD),Goleta,CA,23.0,4.5,0,0,135,0,0,0,0,0,0,130000.0
Data Scientist,Unknown,Interview Query,Unknown,Unknown,Unknown,Unknown,Unknown,Remote,Na,37.0,4.0,0,0,151,0,0,0,0,0,1,130000.0
Data Scientist,Junior,PayPal,10000+ Employees,Company - Public,Internet,Information Technology,$10+ billion (USD),San Jose,CA,23.0,4.1,0,0,391,0,0,0,0,0,0,130000.0
Data Scientist,Unknown,"Sunfish, Inc.",Unknown,Unknown,Unknown,Unknown,Unknown,Remote,Na,37.0,4.0,0,0,121,0,0,0,0,0,1,130000.0
Data Engineer,Unknown,Cisco Systems,10000+ Employees,Company - Private,Computer Hardware & Software,Information Technology,$10+ billion (USD),San Jose,CA,37.0,4.3,0,0,702,1,1,1,0,1,1,130000.0
Data Scientist,Unknown,Sun Oak,1 to 50 Employees,Company - Private,Consulting,Business Services,Unknown,Miami,FL,3.0,4.0,0,0,211,1,0,0,0,0,0,130000.0
Data Engineer,Unknown,Agile N2N Inc,Unknown,Unknown,Unknown,Unknown,Unknown,Remote,Na,37.0,4.0,0,0,68,1,0,0,0,0,1,130000.0
Unknown,Unknown,Insulet Corporation,1001 to 5000 Employees,Company - Public,Biotech & Pharmaceuticals,Biotech & Pharmaceuticals,$500 million to $1 billion (USD),Acton,MA,21.0,3.3,0,0,108,0,0,0,0,1,0,130000.0
Data Scientist,Unknown,TWO NIL,1 to 50 Employees,Company - Private,Advertising & Marketing,Business Services,Unknown,California,CA,2.0,2.9,0,0,517,1,1,1,0,1,1,130000.0
Data Scientist,Unknown,Facebook,10000+ Employees,Company - Public,Internet,Information Technology,$10+ billion (USD),Menlo Park,CA,17.0,4.3,0,0,220,1,0,0,0,1,0,130000.0
Data Scientist,Unknown,Arundo Analytics,51 to 200 Employees,Company - Private,Enterprise Software & Network Solutions,Information Technology,Unknown,Houston,TX,6.0,4.0,0,0,908,1,1,0,0,0,1,130000.0
Data Scientist,Junior,CALSTART,51 to 200 Employees,Nonprofit Organization,Social Assistance,Non-Profit,$25 to $50 million (USD),Pasadena,CA,37.0,4.0,0,0,149,0,0,0,0,0,0,130000.0
Data Scientist,Unknown,SparkCognition,51 to 200 Employees,Company - Private,Enterprise Software & Network Solutions,Information Technology,Unknown,Austin,TX,8.0,4.3,0,0,137,0,0,1,0,0,1,130000.0
Data Scientist,Unknown,McKinsey & Company,10000+ Employees,Company - Private,Consulting,Business Services,Unknown,East Boston,MA,95.0,4.4,0,0,74,1,1,1,0,0,1,130000.0
Data Scientist,Unknown,"CoEnterprise, LLC",51 to 200 Employees,Company - Private,Enterprise Software & Network Solutions,Information Technology,$25 to $50 million (USD),New York,NY,11.0,3.6,0,0,156,0,0,0,0,1,0,130000.0
Data Scientist,Unknown,Abbvie,10000+ Employees,Company - Public,Biotech & Pharmaceuticals,Biotech & Pharmaceuticals,$10+ billion (USD),Crystal Lake,IL,8.0,3.9,0,0,240,0,0,0,0,0,1,130000.0
Data Scientist,Unknown,Tekcogno,1 to 50 Employees,Unknown,Unknown,Unknown,Unknown,Austin,TX,37.0,4.5,0,0,85,0,1,0,0,0,0,130000.0
Data Scientist,Junior,Barchart,51 to 200 Employees,Company - Private,Financial Analytics & Research,Finance,Unknown,Chicago,IL,37.0,4.7,0,0,68,0,1,0,0,0,0,130000.0
Data Scientist,Senior,Talentica Software,Unknown,Unknown,Unknown,Unknown,Unknown,Malvern,PA,37.0,4.0,0,0,92,1,0,1,1,0,1,130000.0
Data Scientist,Senior,"Innovent Biologics(Suzhou)Co.,Ltd.",Unknown,Unknown,Unknown,Unknown,Unknown,Rockville,MD,37.0,4.0,0,0,80,0,0,0,0,0,0,130000.0
Data Scientist,Unknown,Amica Insurance Company,1001 to 5000 Employees,Company - Private,Insurance Carriers,Insurance,$1 to $2 billion (USD),Lincoln,RI,114.0,4.0,0,0,60,1,0,0,0,0,0,130000.0
Data Scientist,Unknown,LineSlip Solutions,Unknown,Unknown,Unknown,Unknown,Unknown,Remote,Na,37.0,4.0,0,0,104,0,0,0,0,0,0,130000.0
Data Scientist,Junior,PayPal,10000+ Employees,Company - Public,Internet,Information Technology,$10+ billion (USD),San Jose,CA,23.0,4.1,0,0,391,0,0,0,0,0,0,183000.0
Data Scientist,Senior,Spectrum,10000+ Employees,Subsidiary or Business Segment,"Cable, Internet & Telephone Providers",Telecommunications,$10+ billion (USD),Greenwood Village,CO,5.0,3.2,0,0,152,1,0,0,0,0,1,183000.0
Data Scientist,Unknown,Siemens,10000+ Employees,Company - Public,Electrical & Electronic Manufacturing,Manufacturing,$10+ billion (USD),Tarrytown,NY,178.0,4.1,0,0,161,1,0,0,0,0,1,183000.0
Data Scientist,Unknown,Intelligent Automation,51 to 200 Employees,Company - Private,"Health, Beauty, & Fitness",Consumer Services,$25 to $50 million (USD),Rockville,MD,34.0,3.8,1,0,125,0,0,0,0,0,1,103500.0
Data Scientist,Unknown,U.S. Customs and Border Protection,10000+ Employees,Government,Federal Agencies,Government,Unknown,Sterling,VA,94.0,4.0,1,0,62,0,0,0,0,0,0,85000.0
Data Scientist,Unknown,DEPARTMENT OF SANITATION,5001 to 10000 Employees,Government,Municipal Governments,Government,Unknown,New York,NY,37.0,3.9,1,0,45,0,0,0,0,0,0,88500.0
Data Analyist,Senior,Southworth Products Corp.,Unknown,Unknown,Unknown,Unknown,Unknown,Falmouth,ME,37.0,4.0,1,0,133,0,0,0,0,0,0,64000.0
Data Scientist,Senior,"SECANT GROUP, LLC",51 to 200 Employees,Company - Public,Health Care Products Manufacturing,Manufacturing,Unknown,Telford,PA,37.0,2.7,1,0,125,0,0,0,0,0,0,79000.0
Data Analyist,Unknown,Uline,5001 to 10000 Employees,Company - Private,Industrial Manufacturing,Manufacturing,$5 to $10 billion (USD),Pleasant Prairie,WI,41.0,3.6,0,0,81,0,0,0,0,1,0,72000.0
Data Analyist,Unknown,Uline,Unknown,Unknown,Unknown,Unknown,Unknown,Pleasant Prairie,WI,37.0,3.6,0,0,81,0,0,0,0,1,0,72000.0
Data Scientist,Unknown,Deaconess Health System,5001 to 10000 Employees,Nonprofit Organization,Health Care Services & Hospitals,Health Care,$1 to $5 million (USD),Princeton,IN,39.0,3.8,1,0,59,0,0,0,0,0,0,33000.0
Data Scientist,Mid,AMPAC Fine Chemicals,501 to 1000 Employees,Subsidiary or Business Segment,Biotech & Pharmaceuticals,Biotech & Pharmaceuticals,$100 to $500 million (USD),Rancho Cordova,CA,16.0,3.0,1,0,89,0,0,0,0,0,0,82000.0
Data Scientist,Unknown,AGC Biologics,1001 to 5000 Employees,Company - Public,Biotech & Pharmaceuticals,Biotech & Pharmaceuticals,Unknown,Bothell,WA,37.0,3.7,1,0,154,0,0,0,0,0,0,82500.0
Data Scientist,Unknown,Brigham and Women's Hospital (BWH),Unknown,Unknown,Unknown,Unknown,Unknown,Boston,MA,37.0,4.0,1,0,144,0,1,0,0,0,0,78500.0
Data Analyist,Unknown,Penn State Health Milton S. Hershey Medical Center,5001 to 10000 Employees,Hospital,Health Care Services & Hospitals,Health Care,Unknown,Hershey,PA,37.0,3.9,1,0,89,0,0,0,0,0,0,56000.0
Data Scientist,Unknown,"BioCheck, Inc.",Unknown,Company - Private,Biotech & Pharmaceuticals,Biotech & Pharmaceuticals,$5 to $10 million (USD),South San Francisco,CA,37.0,1.0,1,0,77,0,0,0,0,0,0,95500.0
Data Scientist,Senior,"Secant Group, LLC",51 to 200 Employees,Company - Public,Health Care Products Manufacturing,Manufacturing,Unknown,Telford,PA,37.0,2.7,1,0,130,0,0,0,0,0,0,79000.0
Data Scientist,Senior,Translational Drug Development (TD2),Unknown,Unknown,Unknown,Unknown,Unknown,Scottsdale,AZ,37.0,4.0,1,0,80,0,0,0,0,0,0,117000.0
Data Scientist,Unknown,United Therapeutics,501 to 1000 Employees,Company - Public,Biotech & Pharmaceuticals,Biotech & Pharmaceuticals,$1 to $2 billion (USD),Research Triangle Park,NC,25.0,4.4,1,0,105,0,0,0,0,0,0,73000.0
Data Scientist,Unknown,United Therapeutics,Unknown,Unknown,Unknown,Unknown,Unknown,Research Triangle Park,NC,37.0,4.4,1,0,105,0,0,0,0,0,0,73000.0
Data Scientist,Senior,"SECANT GROUP, LLC",51 to 200 Employees,Company - Public,Health Care Products Manufacturing,Manufacturing,Unknown,Telford,PA,37.0,2.7,1,0,130,0,0,0,0,0,0,79000.0
Data Scientist,Senior,Metalenz,Unknown,Unknown,Unknown,Unknown,Unknown,Boston,MA,37.0,4.0,1,0,117,0,0,0,0,0,0,139500.0
Data Scientist,Unknown,"Catalog Technologies, Inc.",Unknown,Unknown,Unknown,Unknown,Unknown,Boston,MA,37.0,4.0,1,0,110,0,0,0,0,0,0,69000.0
Data Scientist,Unknown,PPD,10000+ Employees,Company - Public,Biotech & Pharmaceuticals,Biotech & Pharmaceuticals,$1 to $2 billion (USD),Middleton,WI,36.0,4.0,1,0,96,0,0,0,0,0,0,64500.0
Data Engineer,Unknown,NT Concepts,51 to 200 Employees,Company - Private,IT Services,Information Technology,$50 to $100 million (USD),Herndon,VA,23.0,3.8,1,0,159,1,0,0,0,0,1,104000.0
Data Scientist,Unknown,Ambagon Therapeutics,Unknown,Unknown,Unknown,Unknown,Unknown,San Carlos,CA,37.0,4.0,1,0,140,0,0,0,0,0,0,134500.0
Data Scientist,Senior,Macyâ€™s,10000+ Employees,Company - Public,"Department, Clothing, & Shoe Stores",Retail,$10+ billion (USD),New York,NY,163.0,3.4,1,0,123,0,0,1,0,0,0,140000.0
Data Scientist,Senior,Brighthouse Financial,1001 to 5000 Employees,Company - Public,Insurance Carriers,Insurance,Unknown,Charlotte,NC,4.0,4.3,1,0,184,0,0,0,0,0,0,140000.0
Data Scientist,Senior,UC San Diego,10000+ Employees,College / University,Colleges & Universities,Education,Unknown,California,CA,61.0,4.3,1,0,118,0,0,0,0,1,0,140000.0
Data Scientist,Unknown,Fulgent Genetics,51 to 200 Employees,Company - Public,Biotech & Pharmaceuticals,Biotech & Pharmaceuticals,Unknown,Temple City,CA,37.0,3.7,1,0,130,0,0,0,0,0,0,140000.0
Data Scientist,Unknown,"Inanovate, Inc",Unknown,Unknown,Unknown,Unknown,Unknown,Sioux Falls,SD,37.0,4.0,1,0,113,0,0,0,0,0,0,140000.0
Data Engineer,Unknown,Savant,201 to 500 Employees,Company - Private,Consumer Products Manufacturing,Manufacturing,Unknown,Cleveland,OH,16.0,3.2,1,0,142,0,0,0,0,0,0,140000.0
Data Engineer,Unknown,Deloitte,10000+ Employees,Company - Private,Accounting,Accounting & Legal,$10+ billion (USD),Rosslyn,VA,171.0,3.9,1,0,148,0,1,0,1,1,1,140000.0
Data Scientist,Mid,Cottage Health,1001 to 5000 Employees,Hospital,Health Care Services & Hospitals,Health Care,$500 million to $1 billion (USD),Goleta,CA,133.0,4.5,1,0,113,0,0,0,0,0,0,140000.0
Data Scientist,Mid,Cottage Health,Unknown,Unknown,Unknown,Unknown,Unknown,Goleta,CA,37.0,4.5,1,0,113,0,0,0,0,0,0,140000.0
Data Scientist,Junior,Thermo Fisher - America,10000+ Employees,Company - Public,Biotech & Pharmaceuticals,Biotech & Pharmaceuticals,$10+ billion (USD),Carlsbad,CA,119.0,3.8,1,0,153,0,0,0,0,0,0,140000.0
Data Engineer,Unknown,Visiting Nurse Association of Central Jersey,1001 to 5000 Employees,Nonprofit Organization,Social Assistance,Non-Profit,$50 to $100 million (USD),Holmdel,NJ,109.0,3.0,1,0,286,0,0,0,1,0,0,140000.0
Data Analyist,Unknown,Progress Rail Services Corp.,5001 to 10000 Employees,Subsidiary or Business Segment,Rail,Transportation & Logistics,$2 to $5 billion (USD),La Grange,IL,38.0,3.5,1,0,193,0,0,0,0,0,0,140000.0
Data Scientist,Senior,"Miltenyi Biomedicine, Inc.",Unknown,Unknown,Unknown,Unknown,Unknown,Cambridge,MA,37.0,4.0,1,0,139,0,0,0,0,1,0,140000.0
Data Analyist,Unknown,GreatAmerica Financial Services,Unknown,Unknown,Unknown,Unknown,Unknown,Cedar Rapids,IA,37.0,4.3,1,0,137,0,0,0,0,0,0,140000.0
Data Engineer,Unknown,AmerisourceBergen,10000+ Employees,Company - Public,Biotech & Pharmaceuticals,Biotech & Pharmaceuticals,$10+ billion (USD),Boise,ID,20.0,3.5,1,0,168,0,0,0,0,0,0,140000.0
Data Scientist,Junior,Thermo Fisher Scientific,10000+ Employees,Company - Public,Biotech & Pharmaceuticals,Biotech & Pharmaceuticals,$10+ billion (USD),Carlsbad,CA,119.0,3.8,1,0,257,0,0,0,0,0,0,140000.0
Data Scientist,Senior,PPD,10000+ Employees,Company - Public,Biotech & Pharmaceuticals,Biotech & Pharmaceuticals,$1 to $2 billion (USD),Middleton,WI,36.0,4.0,1,0,115,0,0,0,0,0,0,140000.0
Manager,Executive,Pathways,5001 to 10000 Employees,Company - Private,Health Care Services & Hospitals,Health Care,Unknown,Richardson,TX,37.0,3.1,1,0,178,0,0,0,0,0,0,140000.0
Data Scientist,Unknown,LIFELINE CELL TECHNOLOGY,Unknown,Unknown,Unknown,Unknown,Unknown,Oceanside,CA,37.0,4.0,1,0,98,0,0,0,0,0,0,140000.0
Data Scientist,Senior,Memorial Sloan-Kettering Cancer Center,10000+ Employees,Nonprofit Organization,Health Care Services & Hospitals,Health Care,$2 to $5 billion (USD),New York,NY,137.0,4.0,1,0,229,0,0,0,0,1,1,140000.0
Data Engineer,Senior,Deloitte,10000+ Employees,Company - Private,Accounting,Accounting & Legal,$10+ billion (USD),Washington,DC,171.0,3.9,1,0,180,0,0,0,0,0,0,140000.0
Data Scientist,Unknown,Adventist Health,10000+ Employees,Nonprofit Organization,Health Care Services & Hospitals,Health Care,Unknown,Tehachapi,CA,48.0,3.7,1,0,132,0,0,0,0,0,0,140000.0
Data Engineer,Executive,Clarus Commerce,51 to 200 Employees,Company - Private,Enterprise Software & Network Solutions,Information Technology,Unknown,Connecticut,CT,20.0,4.4,1,0,446,0,0,0,0,1,0,140000.0
Data Engineer,Unknown,IntraFi Network,201 to 500 Employees,Company - Private,Financial Transaction Processing,Finance,Unknown,Arlington,VA,19.0,4.9,1,0,171,0,0,0,0,0,0,140000.0
Data Scientist,Unknown,"Entegris, Inc.",1001 to 5000 Employees,Company - Public,Miscellaneous Manufacturing,Manufacturing,$1 to $2 billion (USD),Danbury,CT,55.0,3.8,1,0,151,0,0,0,0,0,0,140000.0
Data Scientist,Senior,Ab Studio Inc.,Unknown,Unknown,Unknown,Unknown,Unknown,Hayward,CA,37.0,4.0,1,0,78,0,0,0,0,0,0,140000.0
Data Scientist,Senior,"Entegris, Inc.",1001 to 5000 Employees,Company - Public,Miscellaneous Manufacturing,Manufacturing,$1 to $2 billion (USD),Ambler,PA,55.0,3.8,1,0,151,0,0,0,0,0,0,140000.0
Data Scientist,Senior,Just - Evotec Biologics,1 to 50 Employees,Company - Private,Unknown,Unknown,$1 to $5 million (USD),Redmond,WA,37.0,4.8,1,0,127,0,0,0,0,0,0,140000.0
Data Scientist,Senior,Just - Evotec Biologics,Unknown,Unknown,Unknown,Unknown,Unknown,Redmond,WA,37.0,4.8,1,0,127,0,0,0,0,0,0,140000.0
Data Scientist,Senior,Flow Health,Unknown,Unknown,Unknown,Unknown,Unknown,Miami,FL,37.0,4.2,1,0,84,0,0,0,0,0,0,140000.0
Data Scientist,Senior,Accenture,Unknown,Unknown,Unknown,Unknown,Unknown,Cincinnati,OH,37.0,4.0,1,0,160,1,0,1,0,0,1,140000.0
Data Scientist,Unknown,TEKsystems,1001 to 5000 Employees,Subsidiary or Business Segment,Staffing & Outsourcing,Business Services,$2 to $5 billion (USD),Juno Beach,FL,38.0,3.8,1,0,142,0,1,0,0,0,1,111500.0
Data Scientist,Unknown,Apple,10000+ Employees,Company - Public,Computer Hardware & Software,Information Technology,$10+ billion (USD),Austin,TX,45.0,4.3,1,0,164,1,0,0,0,0,1,111500.0
Data Scientist,Senior,Accenture,10000+ Employees,Company - Public,Consulting,Business Services,$10+ billion (USD),Cincinnati,OH,32.0,4.0,1,0,160,1,0,1,0,0,1,111500.0
Data Analyist,Unknown,GTL,1001 to 5000 Employees,Company - Private,Telecommunications Services,Telecommunications,$500 million to $1 billion (USD),Indianapolis,IN,32.0,3.1,1,0,499,1,0,0,1,1,0,111500.0
Data Analyist,Unknown,General Dynamics,10000+ Employees,Subsidiary or Business Segment,IT Services,Information Technology,$2 to $5 billion (USD),Washington,DC,25.0,3.8,1,0,154,0,0,0,0,0,0,111500.0
Data Scientist,Unknown,PPD,10000+ Employees,Company - Public,Biotech & Pharmaceuticals,Biotech & Pharmaceuticals,$1 to $2 billion (USD),Providence,RI,36.0,4.0,1,0,117,0,0,0,0,0,0,111500.0
Machine Learning,Unknown,"Physicians Laboratory Services, Inc",Unknown,Unknown,Unknown,Unknown,Unknown,Lincoln,NE,37.0,4.0,1,0,90,0,0,0,0,0,0,111500.0
Data Scientist,Senior,PPD,10000+ Employees,Company - Public,Biotech & Pharmaceuticals,Biotech & Pharmaceuticals,$1 to $2 billion (USD),Worcester,MA,36.0,4.0,1,0,70,0,0,0,0,0,0,111500.0
Data Scientist,Senior,PPD,10000+ Employees,Company - Public,Biotech & Pharmaceuticals,Biotech & Pharmaceuticals,$1 to $2 billion (USD),Worcester,MA,36.0,4.0,1,0,70,0,0,0,0,0,0,111500.0
Data Scientist,Unknown,"Seneca Companies, Inc.",201 to 500 Employees,Company - Private,Construction,"Construction, Repair & Maintenance",$10 to $25 million (USD),Des Moines,IA,49.0,4.1,1,0,132,0,0,0,0,0,0,111500.0
Data Engineer,Unknown,Verstand AI,Unknown,Unknown,Unknown,Unknown,Unknown,Remote,Na,37.0,4.0,1,0,146,0,0,0,0,0,1,111500.0
Data Engineer,Senior,Eide Bailly,1001 to 5000 Employees,Company - Private,Accounting,Accounting & Legal,$100 to $500 million (USD),Fargo,ND,104.0,4.0,1,0,491,1,1,1,1,1,0,111500.0
Data Scientist,Unknown,Intelligent Automation,51 to 200 Employees,Company - Private,"Health, Beauty, & Fitness",Consumer Services,$25 to $50 million (USD),Rockville,MD,34.0,3.8,1,0,125,0,0,0,0,0,1,111500.0
Manager,Executive,Fannie Mae,5001 to 10000 Employees,Company - Public,Investment Banking & Asset Management,Finance,$10+ billion (USD),Reston,VA,83.0,4.0,1,0,134,0,0,0,0,0,0,111500.0
Data Engineer,Senior,AmerisourceBergen,10000+ Employees,Company - Public,Biotech & Pharmaceuticals,Biotech & Pharmaceuticals,$10+ billion (USD),Chesterbrook,PA,20.0,3.5,1,0,186,0,0,0,0,0,0,111500.0
Data Scientist,Unknown,"Entegris, Inc.",1001 to 5000 Employees,Company - Public,Miscellaneous Manufacturing,Manufacturing,$1 to $2 billion (USD),Burnet,TX,55.0,3.8,1,0,151,0,0,0,0,0,0,111500.0
Data Scientist,Senior,PPD,10000+ Employees,Company - Public,Biotech & Pharmaceuticals,Biotech & Pharmaceuticals,$1 to $2 billion (USD),North Chicago,IL,36.0,4.0,1,0,122,0,0,0,0,0,0,111500.0
Data Scientist,Unknown,Indeed,10000+ Employees,Company - Private,Internet,Information Technology,$2 to $5 billion (USD),New York,NY,17.0,4.3,1,0,107,0,0,0,0,0,1,111500.0
Data Engineer,Unknown,Excelerated Analytics LLC,Unknown,Unknown,Unknown,Unknown,Unknown,Stafford,VA,37.0,4.0,1,0,86,1,0,0,0,0,0,111500.0
Data Scientist,Senior,"Cellics Therapeutics, Inc.",Unknown,Unknown,Unknown,Unknown,Unknown,San Diego,CA,37.0,4.0,1,0,110,0,0,0,0,1,0,111500.0
Data Scientist,Mid,Charles River Laboratories,10000+ Employees,Company - Public,Biotech & Pharmaceuticals,Biotech & Pharmaceuticals,$2 to $5 billion (USD),Worcester,MA,74.0,3.5,1,0,97,0,0,0,0,0,0,111500.0
Data Scientist,Mid,Charles River Laboratories,10000+ Employees,Company - Public,Biotech & Pharmaceuticals,Biotech & Pharmaceuticals,$2 to $5 billion (USD),Shrewsbury,MA,74.0,3.5,1,0,112,0,0,0,0,0,0,111500.0
Data Scientist,Senior,Conagen Inc.,51 to 200 Employees,Company - Private,Biotech & Pharmaceuticals,Biotech & Pharmaceuticals,Unknown,New Bedford,MA,37.0,2.9,1,0,78,0,0,0,0,0,0,111500.0
Data Scientist,Senior,Creative Radicals,Unknown,Unknown,Unknown,Unknown,Unknown,McLean,VA,37.0,4.0,1,0,89,0,0,0,0,0,1,111500.0
Data Scientist,Unknown,"Phosphorex,Inc",Unknown,Unknown,Unknown,Unknown,Unknown,Hopkinton,MA,37.0,4.0,1,0,110,0,0,0,0,0,0,111500.0
Data Engineer,Senior,"TBK Bank, SSB",1001 to 5000 Employees,Company - Public,Banks & Credit Unions,Finance,Unknown,Coppell,TX,15.0,3.6,1,0,169,0,0,0,0,0,0,111500.0
Data Engineer,Senior,Deloitte,10000+ Employees,Company - Private,Accounting,Accounting & Legal,$10+ billion (USD),Washington,DC,171.0,3.9,1,0,181,0,0,0,0,0,0,111500.0
Data Scientist,Unknown,PolyPeptide Group,Unknown,Unknown,Unknown,Unknown,Unknown,Torrance,CA,37.0,4.0,1,0,101,0,0,0,0,0,0,111500.0
Data Scientist,Unknown,PPD,10000+ Employees,Company - Public,Biotech & Pharmaceuticals,Biotech & Pharmaceuticals,$1 to $2 billion (USD),Collegeville,PA,36.0,4.0,1,0,229,0,0,0,0,0,0,111500.0
Data Engineer,Senior,Space Telescope Science Institute,501 to 1000 Employees,Company - Private,Colleges & Universities,Education,$25 to $50 million (USD),Baltimore,MD,40.0,3.7,1,0,161,0,0,0,0,0,0,111500.0
Data Engineer,Senior,Space Telescope Science Institute,Unknown,Unknown,Unknown,Unknown,Unknown,Baltimore,MD,37.0,3.7,1,0,161,0,0,0,0,0,0,111500.0
Data Scientist,Senior,DxTerity,Unknown,Unknown,Unknown,Unknown,Unknown,Rancho Dominguez,CA,37.0,4.0,1,0,95,0,0,0,0,0,0,111500.0
Data Scientist,Unknown,CES Limited,51 to 200 Employees,Company - Private,IT Services,Information Technology,$5 to $10 million (USD),Woonsocket,RI,8.0,3.5,1,0,81,0,0,0,0,1,0,127500.0
Data Engineer,Unknown,Trexin Consulting,51 to 200 Employees,Company - Private,Consulting,Business Services,$25 to $50 million (USD),Chicago,IL,16.0,4.0,1,0,189,0,0,0,0,0,1,127500.0
Data Engineer,Senior,Excella,201 to 500 Employees,Company - Private,Consulting,Business Services,$50 to $100 million (USD),Arlington,VA,19.0,4.3,1,0,120,0,0,0,0,1,0,127500.0
Data Scientist,Unknown,Charles River Laboratories,10000+ Employees,Company - Public,Biotech & Pharmaceuticals,Biotech & Pharmaceuticals,$2 to $5 billion (USD),Billerica,MA,74.0,3.5,1,0,114,0,0,0,0,0,0,127500.0
Data Analyist,Senior,"Healthcare Retroactive Audits, Inc",Unknown,Unknown,Unknown,Unknown,Unknown,Doral,FL,37.0,4.0,1,0,81,0,0,1,0,1,0,127500.0
Data Scientist,Senior,"Silverback Therapeutics, Inc.",1 to 50 Employees,Company - Public,Unknown,Unknown,Unknown,Seattle,WA,37.0,3.1,1,0,123,0,0,0,0,0,0,127500.0
Data Scientist,Senior,UC San Diego,10000+ Employees,College / University,Colleges & Universities,Education,Unknown,California,CA,61.0,4.3,1,0,78,0,0,0,0,0,0,127500.0
Director,Senior,Fulgent Genetics,51 to 200 Employees,Company - Public,Biotech & Pharmaceuticals,Biotech & Pharmaceuticals,Unknown,Temple City,CA,37.0,3.7,1,0,121,0,0,0,0,0,0,127500.0
Manager,Executive,Clarus Commerce,51 to 200 Employees,Company - Private,Enterprise Software & Network Solutions,Information Technology,Unknown,Connecticut,CT,20.0,4.4,1,0,268,0,0,0,0,1,0,127500.0
Data Scientist,Unknown,"Agilent Technologies, Inc.",10000+ Employees,Company - Public,Biotech & Pharmaceuticals,Biotech & Pharmaceuticals,$2 to $5 billion (USD),Folsom,CA,22.0,4.3,1,0,116,0,0,0,0,0,0,127500.0
Data Scientist,Junior,Earth Engineering Inc.,51 to 200 Employees,Company - Private,Construction,"Construction, Repair & Maintenance",$5 to $10 million (USD),Emmaus,PA,31.0,3.1,1,0,175,0,0,0,0,0,0,127500.0
Data Analyist,Senior,BankUnited,1001 to 5000 Employees,Company - Public,Banks & Credit Unions,Finance,$10+ billion (USD),Miami Lakes,FL,12.0,3.1,1,0,151,1,0,0,0,0,0,127500.0
Data Scientist,Senior,"BioCheck, Inc.",Unknown,Company - Private,Biotech & Pharmaceuticals,Biotech & Pharmaceuticals,$5 to $10 million (USD),South San Francisco,CA,37.0,1.0,1,0,95,0,0,0,0,1,0,127500.0
Data Scientist,Senior,"Entegris, Inc.",1001 to 5000 Employees,Company - Public,Miscellaneous Manufacturing,Manufacturing,$1 to $2 billion (USD),Burnet,TX,55.0,3.8,1,0,151,0,0,0,0,0,0,127500.0
Data Scientist,Unknown,Aridis Pharmaceuticals,Unknown,Unknown,Unknown,Unknown,Unknown,Los Gatos,CA,37.0,4.0,1,0,147,0,0,0,0,0,0,127500.0
Data Scientist,Unknown,"Biomodels, LLC",Unknown,Unknown,Unknown,Unknown,Unknown,Waltham,MA,37.0,4.0,1,0,125,0,0,0,0,0,0,127500.0
Data Scientist,Senior,Healthfirst,5001 to 10000 Employees,Nonprofit Organization,Insurance Carriers,Insurance,Unknown,New York,NY,28.0,3.5,1,0,147,1,0,0,0,0,0,127500.0
Data Scientist,Senior,Riverain Technologies,Unknown,Unknown,Unknown,Unknown,Unknown,Miamisburg,OH,37.0,4.0,1,0,145,0,0,0,0,0,1,127500.0
Data Scientist,Unknown,Abt Associates,1001 to 5000 Employees,Company - Private,Research & Development,Business Services,$500 million to $1 billion (USD),Rockville,MD,56.0,3.6,1,0,163,0,0,0,0,0,0,127500.0
Data Analyist,Unknown,Doximity,201 to 500 Employees,Company - Public,Enterprise Software & Network Solutions,Information Technology,Unknown,New York State,NY,11.0,4.7,1,0,581,1,1,1,0,1,0,127500.0
Data Analyist,Unknown,Great American Life Insurance Company,501 to 1000 Employees,Subsidiary or Business Segment,Insurance Carriers,Insurance,Unknown,Cincinnati,OH,29.0,4.0,1,0,178,0,0,0,0,0,0,127500.0
Data Scientist,Unknown,"Agilent Technologies, Inc.",10000+ Employees,Company - Public,Biotech & Pharmaceuticals,Biotech & Pharmaceuticals,$2 to $5 billion (USD),La Jolla,CA,22.0,4.3,1,0,127,0,0,0,0,0,0,127500.0
Data Scientist,Unknown,CDK Global,5001 to 10000 Employees,Company - Public,Computer Hardware & Software,Information Technology,$2 to $5 billion (USD),Portland,OR,7.0,3.5,1,0,119,0,0,0,0,0,0,127500.0
Data Scientist,Unknown,Predictive Health Diagnostics Co.,Unknown,Unknown,Unknown,Unknown,Unknown,Irvine,CA,37.0,4.0,1,0,77,0,0,0,0,0,0,127500.0
Data Scientist,Senior,"Silverback Therapeutics, Inc.",1 to 50 Employees,Company - Public,Unknown,Unknown,Unknown,Seattle,WA,37.0,3.1,1,0,116,0,0,0,0,0,0,127500.0
Data Engineer,Unknown,"INNOVEX Environmental Management, Inc.",1 to 50 Employees,Company - Private,Unknown,Unknown,$1 to $5 million (USD),Redmond,WA,37.0,4.0,1,0,115,0,0,0,0,0,0,127500.0
Data Scientist,Unknown,Ronin Staffing LLC,Unknown,Unknown,Unknown,Unknown,Unknown,Thousand Oaks,CA,37.0,4.0,1,0,58,0,0,0,0,0,0,127500.0
Data Engineer,Unknown,Apple,10000+ Employees,Company - Public,Computer Hardware & Software,Information Technology,$10+ billion (USD),Cambridge,MA,45.0,4.3,1,0,104,0,0,0,0,0,1,127500.0
Data Analyist,Unknown,Bedrock Quartz,Unknown,Unknown,Unknown,Unknown,Unknown,West Jordan,UT,37.0,4.0,1,0,88,0,0,0,0,0,0,127500.0
Data Scientist,Executive,Catalyst Lab Solutions,1 to 50 Employees,Company - Private,Unknown,Unknown,Unknown,Philadelphia,PA,37.0,4.0,1,0,68,0,0,0,0,0,0,127500.0
Data Engineer,Senior,Synbio Technologies LLC,Unknown,Unknown,Unknown,Unknown,Unknown,Princeton,NJ,37.0,4.0,1,0,113,0,0,0,0,0,0,127500.0
Data Engineer,Unknown,St. Luke's Hospital,1001 to 5000 Employees,Subsidiary or Business Segment,Health Care Services & Hospitals,Health Care,$50 to $100 million (USD),Chesterfield,MO,37.0,3.9,1,0,179,1,0,0,0,1,0,127500.0
Data Analyist,Unknown,New Mexico Mutual,51 to 200 Employees,Company - Private,Insurance Carriers,Insurance,$100 to $500 million (USD),New Mexico,NM,30.0,3.4,1,0,71,0,0,0,0,0,0,109500.0
Data Scientist,Unknown,B4CORP,51 to 200 Employees,Company - Private,IT Services,Information Technology,Unknown,McLean,VA,37.0,5.0,1,0,66,0,0,0,0,0,0,109500.0
Unknown,Unknown,Bloomberg,10000+ Employees,Company - Private,Computer Hardware & Software,Information Technology,Unknown,New York,NY,40.0,4.1,1,0,177,1,0,0,0,1,0,109500.0
Data Scientist,Unknown,Cyient,10000+ Employees,Company - Public,IT Services,Information Technology,$100 to $500 million (USD),Phoenix,AZ,30.0,3.3,1,0,119,1,0,0,0,0,1,109500.0
Data Engineer,Unknown,Doximity,201 to 500 Employees,Company - Public,Enterprise Software & Network Solutions,Information Technology,Unknown,North Carolina,NC,11.0,4.7,1,0,690,0,1,1,1,0,1,109500.0
Unknown,Senior,ASR ANALYTICS LLC,1 to 50 Employees,Private Practice / Firm,Accounting,Accounting & Legal,$1 to $5 million (USD),Phoenix,AZ,37.0,4.1,1,0,86,0,0,0,0,0,0,109500.0
Data Scientist,Senior,Active Motif Inc,51 to 200 Employees,Company - Private,Biotech & Pharmaceuticals,Biotech & Pharmaceuticals,$10 to $25 million (USD),Carlsbad,CA,37.0,3.8,1,0,11,0,0,0,0,0,0,109500.0
Data Scientist,Unknown,Comcast,10000+ Employees,Company - Public,Telecommunications Services,Telecommunications,$10+ billion (USD),Philadelphia,PA,58.0,3.8,1,0,970,1,1,1,0,0,1,109500.0
Data Scientist,Senior,WOOD Consulting Services,51 to 200 Employees,Company - Private,Consulting,Business Services,$10 to $25 million (USD),Annapolis Junction,MD,24.0,3.2,1,0,117,0,0,0,0,0,0,109500.0
Data Scientist,Senior,Absorption Systems,51 to 200 Employees,Company - Public,Biotech & Pharmaceuticals,Biotech & Pharmaceuticals,Unknown,Exton,PA,25.0,3.4,1,0,124,0,0,0,0,0,0,109500.0
Manager,Senior,Hologic,5001 to 10000 Employees,Company - Public,Health Care Products Manufacturing,Manufacturing,$2 to $5 billion (USD),San Diego,CA,36.0,3.9,1,0,127,0,0,0,1,0,0,109500.0
Data Scientist,Senior,Dealerware,51 to 200 Employees,Company - Private,Enterprise Software & Network Solutions,Information Technology,Unknown,Austin,TX,5.0,4.0,1,0,244,1,0,0,0,0,1,109500.0
Data Scientist,Unknown,"Agilent Technologies, Inc.",10000+ Employees,Company - Public,Biotech & Pharmaceuticals,Biotech & Pharmaceuticals,$2 to $5 billion (USD),Carpinteria,CA,22.0,4.3,1,0,135,0,0,0,0,0,0,109500.0
Data Scientist,Unknown,Forward Greens,Unknown,Unknown,Unknown,Unknown,Unknown,Vancouver,WA,37.0,4.0,1,0,15,0,0,0,0,0,0,109500.0
Data Scientist,Unknown,"Agilent Technologies, Inc.",10000+ Employees,Company - Public,Biotech & Pharmaceuticals,Biotech & Pharmaceuticals,$2 to $5 billion (USD),San Francisco,CA,22.0,4.3,1,0,144,0,0,0,0,0,0,109500.0
Manager,Executive,"CircusTrix, LLC",1001 to 5000 Employees,Company - Private,Sports & Recreation,"Arts, Entertainment & Recreation",Unknown,Los Angeles,CA,37.0,3.2,1,0,142,0,0,0,0,0,0,109500.0
Data Scientist,Unknown,DSM,10000+ Employees,Company - Public,Chemical Manufacturing,Manufacturing,$5 to $10 billion (USD),Columbia,MD,37.0,4.0,1,0,123,0,0,0,0,0,0,109500.0
Data Analyist,Unknown,Reproductive Medicine Associates of New Jersey,1001 to 5000 Employees,Company - Private,Health Care Services & Hospitals,Health Care,$100 to $500 million (USD),Basking Ridge,NJ,22.0,3.5,1,0,112,0,0,0,0,0,0,109500.0
Unknown,Unknown,Memorial Sloan-Kettering Cancer Center,10000+ Employees,Nonprofit Organization,Health Care Services & Hospitals,Health Care,$2 to $5 billion (USD),New York,NY,137.0,4.0,1,0,147,0,0,0,0,1,0,109500.0
Data Scientist,Unknown,Leidos,10000+ Employees,Company - Public,Aerospace & Defense,Aerospace & Defense,$10+ billion (USD),Albany,OR,52.0,3.9,1,0,213,0,0,0,0,0,0,109500.0
Unknown,Unknown,Transamerica,5001 to 10000 Employees,Subsidiary or Business Segment,Insurance Carriers,Insurance,$10+ billion (USD),Denver,CO,117.0,3.0,1,0,106,0,1,0,1,0,0,109500.0
Data Scientist,Senior,Union Bank,5001 to 10000 Employees,Subsidiary or Business Segment,Banks & Credit Unions,Finance,$10+ billion (USD),Irvine,CA,157.0,3.3,1,0,111,0,0,0,0,0,0,109500.0
Data Analyist,Senior,"ENSCO, Inc.",501 to 1000 Employees,Company - Private,Aerospace & Defense,Aerospace & Defense,$100 to $500 million (USD),Fairfax,VA,52.0,4.1,1,0,126,0,0,0,0,0,0,109500.0
Data Scientist,Unknown,LACORE Nutraceuticals,51 to 200 Employees,Company - Private,Health Care Products Manufacturing,Manufacturing,Unknown,McKinney,TX,37.0,2.6,1,0,129,0,0,0,0,0,0,109500.0
Data Scientist,Unknown,Leidos,10000+ Employees,Company - Public,Aerospace & Defense,Aerospace & Defense,$10+ billion (USD),Albany,OR,52.0,3.9,1,0,183,0,0,0,0,0,0,109500.0
Data Scientist,Unknown,Memorial Sloan-Kettering Cancer Center,10000+ Employees,Nonprofit Organization,Health Care Services & Hospitals,Health Care,$2 to $5 billion (USD),New York,NY,137.0,4.0,1,0,255,1,0,0,0,1,0,109500.0
Data Scientist,Unknown,Leidos,10000+ Employees,Company - Public,Aerospace & Defense,Aerospace & Defense,$10+ billion (USD),San Diego,CA,52.0,3.9,1,0,99,0,0,0,0,0,0,109500.0
Data Engineer,Unknown,"Tyler Technologies, Inc.",1001 to 5000 Employees,Company - Public,Computer Hardware & Software,Information Technology,$500 million to $1 billion (USD),Plano,TX,55.0,4.0,1,0,235,0,0,1,0,0,0,109500.0
Data Analyist,Senior,Syneos Health Clinical,10000+ Employees,Company - Public,Biotech & Pharmaceuticals,Biotech & Pharmaceuticals,Unknown,Somerset,NJ,37.0,3.7,1,0,94,0,0,0,0,0,0,109500.0
Data Analyist,Senior,DealerPolicy,201 to 500 Employees,Unknown,Insurance Agencies & Brokerages,Insurance,Unknown,Williston,VT,6.0,4.0,1,0,456,0,0,1,1,0,0,109500.0
Data Scientist,Unknown,"ARKRAY USA, Inc.",1001 to 5000 Employees,Company - Private,Health Care Products Manufacturing,Manufacturing,Unknown,Minneapolis,MN,61.0,2.9,1,0,130,0,0,0,0,0,0,109500.0
Data Scientist,Unknown,Revel IT,201 to 500 Employees,Company - Private,IT Services,Information Technology,$50 to $100 million (USD),Tucson,AZ,24.0,4.8,1,0,88,0,0,0,0,0,0,109500.0
Data Engineer,Senior,SPECTRUM,10000+ Employees,Subsidiary or Business Segment,"Cable, Internet & Telephone Providers",Telecommunications,$10+ billion (USD),Denver,CO,5.0,3.2,1,0,830,0,1,1,0,1,1,132000.0
Data Scientist,Senior,Northrop Grumman,10000+ Employees,Company - Public,Aerospace & Defense,Aerospace & Defense,$10+ billion (USD),Baltimore,MD,82.0,4.0,1,0,42,0,0,0,0,0,0,132000.0
Data Scientist,Unknown,Revel IT,201 to 500 Employees,Company - Private,IT Services,Information Technology,$50 to $100 million (USD),Tucson,AZ,24.0,4.8,1,0,88,0,0,0,0,0,0,132000.0
Data Scientist,Unknown,"ARKRAY USA, Inc.",1001 to 5000 Employees,Company - Private,Health Care Products Manufacturing,Manufacturing,Unknown,Minneapolis,MN,61.0,2.9,1,0,130,0,0,0,0,0,0,132000.0
Data Engineer,Unknown,Vital Incite,Unknown,Unknown,Unknown,Unknown,Unknown,Indianapolis,IN,37.0,4.0,1,0,82,0,0,0,0,0,0,132000.0
Data Scientist,Unknown,Ascension Health,Unknown,Unknown,Unknown,Unknown,Unknown,Rochester,MI,37.0,4.0,1,0,53,0,0,0,0,0,0,132000.0
Data Scientist,Unknown,Amica Mutual Insurance Company,1001 to 5000 Employees,Company - Private,Insurance Carriers,Insurance,$1 to $2 billion (USD),Lincoln,RI,114.0,4.0,1,0,59,1,0,0,0,0,0,132000.0
Unknown,Senior,ASR ANALYTICS LLC,1 to 50 Employees,Private Practice / Firm,Accounting,Accounting & Legal,$1 to $5 million (USD),Washington,DC,37.0,4.1,1,0,71,1,0,0,0,0,1,132000.0
Data Engineer,Senior,"Agilent Technologies, Inc.",Unknown,Unknown,Unknown,Unknown,Unknown,Santa Clara,CA,37.0,4.0,1,0,201,0,0,0,0,1,1,132000.0
Data Analyist,Unknown,American Direct Marketing Resources,51 to 200 Employees,Company - Private,Advertising & Marketing,Business Services,Unknown,Chesterfield,MO,38.0,3.4,1,0,73,0,0,0,0,0,0,132000.0
Manager,Executive,Colgate-Palmolive,10000+ Employees,Company - Public,Consumer Products Manufacturing,Manufacturing,$10+ billion (USD),New York,NY,215.0,4.2,1,0,124,0,0,0,0,0,0,132000.0
Data Analyist,Unknown,"Warehouse Services, Inc.",51 to 200 Employees,Company - Private,Unknown,Unknown,Unknown,Liberty,SC,37.0,4.0,1,0,93,0,0,0,0,0,0,132000.0
Data Scientist,Senior,Global Nephrology Solutions,1 to 50 Employees,Company - Private,Unknown,Unknown,Unknown,Tempe,AZ,37.0,2.5,1,0,137,0,0,0,0,0,1,132000.0
Data Scientist,Unknown,Osmose Utilities Services,1001 to 5000 Employees,Company - Private,Utilities,"Oil, Gas, Energy & Utilities",$50 to $100 million (USD),Depew,NY,87.0,3.4,1,0,142,0,0,0,0,1,0,132000.0
Data Analyist,Unknown,EpochGeo,Unknown,Unknown,Unknown,Unknown,Unknown,Washington,DC,37.0,4.0,1,0,158,0,0,0,0,0,0,132000.0
Data Analyist,Senior,"CONNECT, powered by American Family Insurance",501 to 1000 Employees,Subsidiary or Business Segment,Insurance Carriers,Insurance,$100 to $500 million (USD),Chicago,IL,37.0,3.2,1,0,160,1,0,0,0,0,0,132000.0
Data Scientist,Senior,international aids vaccine,51 to 200 Employees,Nonprofit Organization,Social Assistance,Non-Profit,$50 to $100 million (USD),La Jolla,CA,25.0,3.4,1,0,141,0,0,0,0,0,0,132000.0
Data Engineer,Unknown,EpochGeo,Unknown,Unknown,Unknown,Unknown,Unknown,Reston,VA,37.0,4.0,1,0,151,0,0,0,0,0,0,132000.0
Data Scientist,Unknown,Stem Pharm,Unknown,Unknown,Unknown,Unknown,Unknown,Madison,WI,37.0,4.0,1,0,111,1,0,0,0,0,0,132000.0
Data Engineer,Senior,HSW Consulting,Unknown,Unknown,Unknown,Unknown,Unknown,Tampa,FL,37.0,4.0,1,0,155,0,0,0,0,1,0,132000.0
Unknown,Unknown,Leidos,10000+ Employees,Company - Public,Aerospace & Defense,Aerospace & Defense,$10+ billion (USD),Reston,VA,52.0,3.9,1,0,124,0,0,0,0,0,0,132000.0
Data Scientist,Senior,OneMain Financial,5001 to 10000 Employees,Company - Public,Lending,Finance,Unknown,Wilmington,DE,109.0,3.5,1,0,155,0,0,0,0,0,0,132000.0
Data Scientist,Unknown,PepGen,Unknown,Unknown,Unknown,Unknown,Unknown,Cambridge,MA,37.0,4.0,1,0,112,0,0,0,0,0,0,132000.0
Data Scientist,Unknown,Flamma USA,Unknown,Unknown,Unknown,Unknown,Unknown,Malvern,PA,37.0,4.0,1,0,86,0,0,0,0,0,0,132000.0
Data Engineer,Unknown,Unum,5001 to 10000 Employees,Company - Public,Insurance Carriers,Insurance,$10+ billion (USD),Portland,ME,173.0,3.8,1,0,276,0,0,0,0,1,0,132000.0
Data Analyist,Unknown,Amica Mutual Insurance Company,1001 to 5000 Employees,Company - Private,Insurance Carriers,Insurance,$1 to $2 billion (USD),Lincoln,RI,114.0,4.0,1,0,90,0,0,0,0,1,0,132000.0
Data Scientist,Unknown,Envision LLC,201 to 500 Employees,Company - Private,Staffing & Outsourcing,Business Services,$25 to $50 million (USD),Saint Louis,MO,27.0,4.5,1,0,71,1,1,1,0,0,1,132000.0
Data Scientist,Junior,Fidelity TalentSource,1001 to 5000 Employees,Company - Private,Staffing & Outsourcing,Business Services,Unknown,Durham,NC,35.0,3.5,1,0,124,0,0,0,0,0,1,132000.0
Data Analyist,Unknown,Sperry Rail Inc.,201 to 500 Employees,Company - Private,Rail,Transportation & Logistics,Unknown,Shelton,CT,93.0,3.0,1,0,79,0,0,0,0,0,0,132000.0
Data Scientist,Unknown,Indeed,10000+ Employees,Company - Private,Internet,Information Technology,$2 to $5 billion (USD),San Francisco,CA,17.0,4.3,1,0,196,0,0,0,0,0,1,132000.0
Data Scientist,Unknown,Apple,10000+ Employees,Company - Public,Computer Hardware & Software,Information Technology,$10+ billion (USD),Seattle,WA,45.0,4.3,1,0,130,0,0,0,0,0,1,132000.0
Data Analyist,Unknown,The Burchell Group,Unknown,Unknown,Unknown,Unknown,Unknown,Houston,TX,37.0,4.0,1,0,22,0,0,0,0,0,0,132000.0
Data Analyist,Senior,Leidos,10000+ Employees,Company - Public,Aerospace & Defense,Aerospace & Defense,$10+ billion (USD),Alexandria,VA,52.0,3.9,1,0,64,0,0,0,0,0,0,117500.0
Machine Learning,Unknown,Zepp Health,201 to 500 Employees,Company - Public,Electrical & Electronic Manufacturing,Manufacturing,Unknown,Seattle,WA,7.0,2.5,1,0,115,0,0,0,0,0,1,117500.0
Machine Learning,Unknown,Zepp Health,Unknown,Unknown,Unknown,Unknown,Unknown,Seattle,WA,37.0,2.5,1,0,115,0,0,0,0,0,1,117500.0
Data Analyist,Unknown,AccruePartners,Unknown,Unknown,Unknown,Unknown,Unknown,New York,NY,37.0,2.4,1,0,62,0,0,0,0,1,0,117500.0
Data Engineer,Unknown,Strategic Staffing Solutions,1001 to 5000 Employees,Contract,Staffing & Outsourcing,Business Services,$100 to $500 million (USD),Minneapolis,MN,31.0,3.5,1,0,88,0,0,0,0,0,0,117500.0
Data Analyist,Junior,WellSpace Health,51 to 200 Employees,Nonprofit Organization,Unknown,Unknown,$10 to $25 million (USD),Sacramento,CA,37.0,2.9,1,0,102,0,0,0,0,0,0,117500.0
Data Engineer,Senior,"AWM Smart Shelf (Adroit Worldwide Media, Inc.)",Unknown,Unknown,Unknown,Unknown,Unknown,Aliso Viejo,CA,37.0,4.0,1,0,91,0,0,0,0,0,1,117500.0
Machine Learning,Senior,Apple,10000+ Employees,Company - Public,Computer Hardware & Software,Information Technology,$10+ billion (USD),Seattle,WA,45.0,4.3,1,0,111,0,0,0,0,0,0,117500.0
Machine Learning,Senior,Apple,10000+ Employees,Company - Public,Computer Hardware & Software,Information Technology,$10+ billion (USD),Seattle,WA,45.0,4.3,1,0,120,0,0,0,0,0,0,117500.0
Data Scientist,Unknown,Thermo Fisher Scientific,10000+ Employees,Company - Public,Biotech & Pharmaceuticals,Biotech & Pharmaceuticals,$10+ billion (USD),San Jose,CA,119.0,3.8,1,0,153,0,0,0,0,0,1,117500.0
Data Scientist,Unknown,National Interstate,501 to 1000 Employees,Company - Private,Insurance Carriers,Insurance,$500 million to $1 billion (USD),Richfield,OH,32.0,4.1,1,0,149,0,0,0,0,0,0,117500.0
Machine Learning,Unknown,Apple,10000+ Employees,Company - Public,Computer Hardware & Software,Information Technology,$10+ billion (USD),Seattle,WA,45.0,4.3,1,0,100,1,0,0,0,0,1,117500.0
Machine Learning,Unknown,Apple,10000+ Employees,Company - Public,Computer Hardware & Software,Information Technology,$10+ billion (USD),San Diego,CA,45.0,4.3,1,0,118,1,1,0,0,0,1,117500.0
Data Engineer,Unknown,Apple,10000+ Employees,Company - Public,Computer Hardware & Software,Information Technology,$10+ billion (USD),Seattle,WA,45.0,4.3,1,0,173,0,0,0,0,0,1,117500.0
Data Scientist,Unknown,OneMain Financial,5001 to 10000 Employees,Company - Public,Lending,Finance,Unknown,Wilmington,DE,109.0,3.5,1,0,155,1,0,0,0,0,1,117500.0
Machine Learning,Senior,Apple,10000+ Employees,Company - Public,Computer Hardware & Software,Information Technology,$10+ billion (USD),Seattle,WA,45.0,4.3,1,0,194,0,0,0,0,0,1,117500.0
Machine Learning,Unknown,Apple,10000+ Employees,Company - Public,Computer Hardware & Software,Information Technology,$10+ billion (USD),Seattle,WA,45.0,4.3,1,0,115,0,0,0,0,0,1,117500.0
Data Engineer,Junior,Apple,10000+ Employees,Company - Public,Computer Hardware & Software,Information Technology,$10+ billion (USD),Seattle,WA,45.0,4.3,1,0,100,0,0,0,0,0,1,117500.0
Data Engineer,Unknown,Apple,10000+ Employees,Company - Public,Computer Hardware & Software,Information Technology,$10+ billion (USD),Seattle,WA,45.0,4.3,1,0,163,0,0,0,0,0,0,117500.0
Data Scientist,Senior,Hyphen,Unknown,Unknown,Unknown,Unknown,Unknown,Remote,Na,37.0,4.0,1,0,119,1,0,0,0,0,0,117500.0
Data Engineer,Unknown,Apple,10000+ Employees,Company - Public,Computer Hardware & Software,Information Technology,$10+ billion (USD),Seattle,WA,45.0,4.3,1,0,80,0,1,0,0,1,0,117500.0
Data Analyist,Senior,Performance Foodservice,1 to 50 Employees,Subsidiary or Business Segment,Wholesale,Business Services,Unknown,La Crosse,WI,37.0,2.5,1,0,194,0,0,0,0,0,0,117500.0
Data Scientist,Unknown,Two Barrels,1 to 50 Employees,Company - Private,Enterprise Software & Network Solutions,Information Technology,Unknown,Spokane,WA,11.0,4.7,1,0,120,0,0,1,0,0,0,117500.0
Machine Learning,Unknown,Apple,10000+ Employees,Company - Public,Computer Hardware & Software,Information Technology,$10+ billion (USD),Seattle,WA,45.0,4.3,1,0,103,0,0,0,0,0,1,117500.0
Data Engineer,Unknown,Apple,10000+ Employees,Company - Public,Computer Hardware & Software,Information Technology,$10+ billion (USD),Seattle,WA,45.0,4.3,1,0,126,0,0,0,0,0,1,117500.0
Data Analyist,Unknown,Kforce,10000+ Employees,Company - Public,IT Services,Information Technology,$1 to $2 billion (USD),Frisco,TX,55.0,4.1,1,0,130,0,0,1,0,0,0,117500.0
Data Engineer,Unknown,Apple,10000+ Employees,Company - Public,Computer Hardware & Software,Information Technology,$10+ billion (USD),Seattle,WA,45.0,4.3,1,0,109,0,0,0,0,0,1,117500.0
Data Engineer,Unknown,Apple,10000+ Employees,Company - Public,Computer Hardware & Software,Information Technology,$10+ billion (USD),Seattle,WA,45.0,4.3,1,0,100,0,0,0,0,0,1,117500.0
Data Engineer,Unknown,Apple,10000+ Employees,Company - Public,Computer Hardware & Software,Information Technology,$10+ billion (USD),Seattle,WA,45.0,4.3,1,0,161,0,0,0,0,0,1,117500.0
Data Engineer,Unknown,Apple,10000+ Employees,Company - Public,Computer Hardware & Software,Information Technology,$10+ billion (USD),Seattle,WA,45.0,4.3,1,0,91,0,1,0,0,0,1,117500.0
Data Engineer,Unknown,Apple,10000+ Employees,Company - Public,Computer Hardware & Software,Information Technology,$10+ billion (USD),Seattle,WA,45.0,4.3,1,0,120,1,0,0,0,0,1,139500.0
Data Engineer,Unknown,Apple,10000+ Employees,Company - Public,Computer Hardware & Software,Information Technology,$10+ billion (USD),Seattle,WA,45.0,4.3,1,0,122,0,0,0,0,0,1,139500.0
Data Scientist,Unknown,Intuit - Data,5001 to 10000 Employees,Company - Public,Computer Hardware & Software,Information Technology,$2 to $5 billion (USD),New York,NY,38.0,4.4,1,0,88,1,0,0,0,0,0,139500.0
Data Engineer,Unknown,Apple,10000+ Employees,Company - Public,Computer Hardware & Software,Information Technology,$10+ billion (USD),Seattle,WA,45.0,4.3,1,0,108,0,0,1,0,0,1,139500.0
Data Engineer,Unknown,Apple,10000+ Employees,Company - Public,Computer Hardware & Software,Information Technology,$10+ billion (USD),Seattle,WA,45.0,4.3,1,0,161,0,0,0,0,0,1,139500.0
Data Engineer,Unknown,Apple,10000+ Employees,Company - Public,Computer Hardware & Software,Information Technology,$10+ billion (USD),Seattle,WA,45.0,4.3,1,0,103,1,0,0,0,0,0,139500.0
Data Analyist,Unknown,"CGI Group, Inc.",10000+ Employees,Company - Public,Consulting,Business Services,$10+ billion (USD),Fairfax,VA,45.0,3.8,1,0,528,1,1,0,0,0,0,139500.0
Machine Learning,Unknown,Apple,10000+ Employees,Company - Public,Computer Hardware & Software,Information Technology,$10+ billion (USD),Seattle,WA,45.0,4.3,1,0,112,0,0,0,0,0,1,139500.0
Data Scientist,Senior,Brighthouse Financial,1001 to 5000 Employees,Company - Public,Insurance Carriers,Insurance,Unknown,Charlotte,NC,4.0,4.3,1,0,193,0,0,0,0,0,0,139500.0
Data Analyist,Unknown,Lidl US,10000+ Employees,Company - Private,Grocery Stores & Supermarkets,Retail,$10+ billion (USD),Arlington,VA,27.0,3.6,1,0,71,0,0,0,0,0,0,139500.0
Data Engineer,Unknown,Apple,10000+ Employees,Company - Public,Computer Hardware & Software,Information Technology,$10+ billion (USD),Seattle,WA,45.0,4.3,1,0,123,0,0,1,0,0,1,139500.0
Data Scientist,Junior,"FourthWall Media, Inc.",Unknown,Unknown,Unknown,Unknown,Unknown,Sterling,VA,37.0,4.0,1,0,136,0,0,0,0,0,0,139500.0
Data Scientist,Unknown,"FourthWall Media, Inc.",201 to 500 Employees,Company - Private,Staffing & Outsourcing,Business Services,Unknown,Sterling,VA,23.0,3.5,1,0,114,0,0,0,0,1,1,139500.0
Data Engineer,Unknown,"The Travelers Companies, Inc.",10000+ Employees,Company - Public,Insurance Carriers,Insurance,$10+ billion (USD),Hartford,CT,168.0,4.0,1,0,160,1,0,0,0,0,0,139500.0
Data Scientist,Mid,Parsons,10000+ Employees,Company - Public,IT Services,Information Technology,$2 to $5 billion (USD),Dahlgren,VA,77.0,3.9,1,0,169,1,0,0,0,0,0,139500.0
Data Engineer,Unknown,Apple,10000+ Employees,Company - Public,Computer Hardware & Software,Information Technology,$10+ billion (USD),Seattle,WA,45.0,4.3,1,0,149,0,0,0,0,0,1,139500.0
Data Scientist,Unknown,Kelly,5001 to 10000 Employees,Company - Public,Staffing & Outsourcing,Business Services,$5 to $10 billion (USD),North Chicago,IL,75.0,3.5,1,0,94,0,0,0,0,0,0,139500.0
Data Scientist,Mid,"FourthWall Media, Inc.",Unknown,Unknown,Unknown,Unknown,Unknown,Sterling,VA,37.0,4.0,1,0,120,1,0,0,0,0,0,139500.0
Data Scientist,Unknown,Hill's Pet Nutrition,1001 to 5000 Employees,Company - Public,Consumer Products Manufacturing,Manufacturing,$2 to $5 billion (USD),Seattle,WA,114.0,4.1,1,0,143,0,0,0,0,0,0,139500.0
Data Engineer,Unknown,Apple,10000+ Employees,Company - Public,Computer Hardware & Software,Information Technology,$10+ billion (USD),Santa Clara,CA,45.0,4.3,1,0,152,0,0,0,0,0,1,139500.0
Data Scientist,Unknown,World Services LLC,51 to 200 Employees,Company - Private,Unknown,Unknown,Unknown,Remote,Na,37.0,4.7,1,0,212,0,1,1,1,0,0,139500.0
Data Scientist,Senior,Thermo Fisher Scientific,10000+ Employees,Company - Public,Biotech & Pharmaceuticals,Biotech & Pharmaceuticals,$10+ billion (USD),Carlsbad,CA,119.0,3.8,1,0,143,1,0,0,0,0,0,139500.0
Data Scientist,Unknown,Kelly,5001 to 10000 Employees,Company - Public,Staffing & Outsourcing,Business Services,$5 to $10 billion (USD),Whippany,NJ,75.0,3.5,1,0,79,0,0,0,0,0,0,139500.0
Data Engineer,Unknown,CloudMedx,Unknown,Unknown,Unknown,Unknown,Unknown,Palo Alto,CA,37.0,4.0,1,0,149,0,0,0,0,0,1,139500.0
Data Scientist,Unknown,Apple,10000+ Employees,Company - Public,Computer Hardware & Software,Information Technology,$10+ billion (USD),San Francisco,CA,45.0,4.3,1,0,176,0,0,0,0,0,0,139500.0
Data Scientist,Junior,BTAS,201 to 500 Employees,Company - Private,Aerospace & Defense,Aerospace & Defense,$10 to $25 million (USD),Hampton,VA,26.0,3.8,1,0,205,0,0,0,0,0,0,139500.0
Data Scientist,Unknown,Epsilon,5001 to 10000 Employees,Subsidiary or Business Segment,Advertising & Marketing,Business Services,$2 to $5 billion (USD),Chicago,IL,52.0,3.7,1,0,140,0,0,0,0,0,1,139500.0
Data Scientist,Unknown,"Information Unlimited, Inc.",Unknown,Unknown,Unknown,Unknown,Unknown,Washington,DC,37.0,4.0,1,0,118,0,1,1,0,1,0,139500.0
Data Scientist,Unknown,Daley and Associates,1 to 50 Employees,Company - Private,Staffing & Outsourcing,Business Services,$10 to $25 million (USD),New York,NY,16.0,3.8,1,0,104,0,0,0,0,0,1,139500.0
Data Scientist,Unknown,Creative Financial Staffing,201 to 500 Employees,Company - Private,Staffing & Outsourcing,Business Services,$50 to $100 million (USD),Hartford,CT,27.0,4.6,1,0,117,1,0,1,0,0,1,139500.0
Data Scientist,Unknown,Intuit - Data,5001 to 10000 Employees,Company - Public,Computer Hardware & Software,Information Technology,$2 to $5 billion (USD),New York,NY,38.0,4.4,1,0,88,1,0,0,0,0,0,142500.0
Data Scientist,Unknown,Intuit - Data,Unknown,Unknown,Unknown,Unknown,Unknown,New York,NY,37.0,4.4,1,0,88,1,0,0,0,0,0,142500.0
Data Engineer,Unknown,Apple,Unknown,Unknown,Unknown,Unknown,Unknown,Seattle,WA,37.0,4.3,1,0,103,1,0,0,0,0,0,142500.0
Data Analyist,Unknown,Infinity Apparel Group,Unknown,Unknown,Unknown,Unknown,Unknown,Miami,FL,37.0,4.0,1,0,61,0,0,0,0,1,0,142500.0
Data Analyist,Unknown,"CGI Group, Inc.",10000+ Employees,Company - Public,Consulting,Business Services,$10+ billion (USD),Fairfax,VA,45.0,3.8,1,0,528,1,1,0,0,0,0,142500.0
Machine Learning,Unknown,Apple,10000+ Employees,Company - Public,Computer Hardware & Software,Information Technology,$10+ billion (USD),Seattle,WA,45.0,4.3,1,0,112,0,0,0,0,0,1,142500.0
Data Analyist,Unknown,LaborNow,Unknown,Company - Public,Unknown,Unknown,Unknown,Oxnard,CA,37.0,1.0,1,0,81,0,0,0,0,1,0,142500.0
Data Scientist,Senior,Brighthouse Financial,1001 to 5000 Employees,Company - Public,Insurance Carriers,Insurance,Unknown,Charlotte,NC,4.0,4.3,1,0,193,0,0,0,0,0,0,142500.0
Data Engineer,Unknown,Apple,10000+ Employees,Company - Public,Computer Hardware & Software,Information Technology,$10+ billion (USD),Seattle,WA,45.0,4.3,1,0,123,0,0,1,0,0,1,142500.0
Data Analyist,Unknown,Lidl US,10000+ Employees,Company - Private,Grocery Stores & Supermarkets,Retail,$10+ billion (USD),Arlington,VA,27.0,3.6,1,0,71,0,0,0,0,0,0,142500.0
Data Analyist,Senior,Northwest Federal Credit Union,501 to 1000 Employees,Company - Private,Banks & Credit Unions,Finance,$25 to $50 million (USD),Herndon,VA,74.0,3.4,1,0,174,0,0,0,0,1,0,142500.0
Data Engineer,Unknown,Apple,10000+ Employees,Company - Public,Computer Hardware & Software,Information Technology,$10+ billion (USD),San Diego,CA,45.0,4.3,1,0,174,1,0,0,0,0,0,142500.0
Data Analyist,Unknown,Bon Secours Mercy Health,10000+ Employees,Nonprofit Organization,Health Care Services & Hospitals,Health Care,$5 to $10 billion (USD),Cincinnati,OH,3.0,3.4,1,0,106,0,0,0,0,0,0,142500.0
Data Scientist,Senior,Macyâ€™s,10000+ Employees,Company - Public,"Department, Clothing, & Shoe Stores",Retail,$10+ billion (USD),New York,NY,163.0,3.4,1,0,123,0,0,1,0,0,0,142500.0
Data Analyist,Unknown,Internal Data Resources,201 to 500 Employees,Company - Private,Staffing & Outsourcing,Business Services,$50 to $100 million (USD),Smyrna,GA,23.0,4.3,1,0,99,0,0,0,0,0,0,142500.0
Data Scientist,Junior,"FourthWall Media, Inc.",Unknown,Unknown,Unknown,Unknown,Unknown,Sterling,VA,37.0,4.0,1,0,136,0,0,0,0,0,0,142500.0
Data Scientist,Senior,Macyâ€™s,10000+ Employees,Company - Public,"Department, Clothing, & Shoe Stores",Retail,$10+ billion (USD),New York,NY,163.0,3.4,1,0,125,0,0,1,0,0,0,142500.0
Data Scientist,Unknown,Lorien,201 to 500 Employees,Company - Private,Staffing & Outsourcing,Business Services,Unknown,Atlanta,GA,23.0,3.5,1,0,114,0,0,0,0,1,1,142500.0
Data Engineer,Senior,AE Business Solutions,51 to 200 Employees,Company - Private,Computer Hardware & Software,Information Technology,$25 to $50 million (USD),Madison,WI,72.0,4.0,1,0,183,0,0,0,0,0,0,142500.0
Data Engineer,Unknown,"The Travelers Companies, Inc.",10000+ Employees,Company - Public,Insurance Carriers,Insurance,$10+ billion (USD),Hartford,CT,168.0,4.0,1,0,160,1,0,0,0,0,0,142500.0
Data Analyist,Senior,CDK Global,5001 to 10000 Employees,Company - Public,Computer Hardware & Software,Information Technology,$2 to $5 billion (USD),Hoffman Estates,IL,7.0,3.5,1,0,122,0,0,0,0,0,0,142500.0
Data Engineer,Unknown,Apple,10000+ Employees,Company - Public,Computer Hardware & Software,Information Technology,$10+ billion (USD),Seattle,WA,45.0,4.3,1,0,149,0,0,0,0,0,1,142500.0
Unknown,Unknown,"The Travelers Companies, Inc.",10000+ Employees,Company - Public,Insurance Carriers,Insurance,$10+ billion (USD),Saint Paul,MN,168.0,4.0,1,0,183,0,0,0,0,0,0,142500.0
Manager,Executive,Alpha Consulting,201 to 500 Employees,Company - Private,Staffing & Outsourcing,Business Services,$10 to $25 million (USD),Cambridge,MA,27.0,4.5,1,0,72,0,0,0,0,0,0,142500.0
Data Analyist,Unknown,MassMutual,5001 to 10000 Employees,Company - Private,Insurance Carriers,Insurance,$10+ billion (USD),Boston,MA,170.0,3.9,1,0,629,1,0,0,0,1,0,142500.0
Data Analyist,Unknown,Putnam Investments,1001 to 5000 Employees,Subsidiary or Business Segment,Investment Banking & Asset Management,Finance,$100 to $500 million (USD),Boston,MA,84.0,3.8,1,0,150,0,0,0,0,0,0,142500.0
Data Engineer,Unknown,AccruePartners,51 to 200 Employees,Company - Private,Staffing & Outsourcing,Business Services,$25 to $50 million (USD),Charlotte,NC,19.0,2.4,1,0,75,0,0,0,0,0,0,142500.0
Data Scientist,Mid,Parsons,10000+ Employees,Company - Public,IT Services,Information Technology,$2 to $5 billion (USD),Dahlgren,VA,77.0,3.9,1,0,169,1,0,0,0,0,0,142500.0
Unknown,Senior,Medical Search Associates,Unknown,Company - Public,Unknown,Unknown,Unknown,Gratiot,OH,37.0,4.0,1,0,633,0,0,0,0,1,0,142500.0
Data Scientist,Mid,"FourthWall Media, Inc.",Unknown,Unknown,Unknown,Unknown,Unknown,Sterling,VA,37.0,4.0,1,0,120,1,0,0,0,0,0,142500.0
Data Analyist,Senior,Home Care Assistance,5001 to 10000 Employees,Company - Private,Health Care Services & Hospitals,Health Care,$100 to $500 million (USD),Phoenix,AZ,18.0,3.8,1,0,170,1,0,0,0,1,0,81500.0
Data Scientist,Senior,Selby Jennings,201 to 500 Employees,Subsidiary or Business Segment,Staffing & Outsourcing,Business Services,$10 to $25 million (USD),Dallas,TX,17.0,3.4,1,0,93,0,1,1,0,0,1,81500.0
Data Engineer,Unknown,Apple,10000+ Employees,Company - Public,Computer Hardware & Software,Information Technology,$10+ billion (USD),Santa Clara,CA,45.0,4.3,1,0,152,0,0,0,0,0,1,81500.0
Data Scientist,Unknown,Hill's Pet Nutrition,1001 to 5000 Employees,Company - Public,Consumer Products Manufacturing,Manufacturing,$2 to $5 billion (USD),Seattle,WA,114.0,4.1,1,0,14,0,0,0,0,0,0,81500.0
Data Engineer,Unknown,Apple,10000+ Employees,Company - Public,Computer Hardware & Software,Information Technology,$10+ billion (USD),Seattle,WA,45.0,4.3,1,0,201,0,0,0,0,0,0,81500.0
Data Scientist,Senior,Thermo Fisher Scientific,10000+ Employees,Company - Public,Biotech & Pharmaceuticals,Biotech & Pharmaceuticals,$10+ billion (USD),Carlsbad,CA,119.0,3.8,1,0,143,1,0,0,0,0,0,81500.0
Data Engineer,Unknown,Cenlar FSB,1001 to 5000 Employees,Company - Private,Unknown,Unknown,$100 to $500 million (USD),Ewing,NJ,63.0,3.2,1,0,149,1,0,0,0,0,0,81500.0
Data Engineer,Executive,Spokeo,201 to 500 Employees,Company - Private,Internet,Information Technology,Unknown,Pasadena,CA,15.0,4.0,1,0,133,0,0,0,0,0,0,81500.0
Data Scientist,Unknown,World Services LLC,51 to 200 Employees,Company - Private,Unknown,Unknown,Unknown,Remote,Na,37.0,4.7,1,0,212,0,1,1,1,0,0,81500.0
Data Engineer,Unknown,Apple,10000+ Employees,Company - Public,Computer Hardware & Software,Information Technology,$10+ billion (USD),Cambridge,MA,45.0,4.3,1,0,92,0,0,0,0,0,1,81500.0
Data Engineer,Unknown,Morgan Hunter,1 to 50 Employees,Company - Private,Staffing & Outsourcing,Business Services,Unknown,Kansas City,MO,35.0,4.4,1,0,110,0,1,0,0,0,0,81500.0
Data Scientist,Unknown,Kelly,5001 to 10000 Employees,Company - Public,Staffing & Outsourcing,Business Services,$5 to $10 billion (USD),Whippany,NJ,75.0,3.5,1,0,79,0,0,0,0,0,0,81500.0
Data Engineer,Unknown,CloudMedx,Unknown,Unknown,Unknown,Unknown,Unknown,Palo Alto,CA,37.0,4.0,1,0,149,0,0,0,0,0,1,81500.0
Data Scientist,Junior,BTAS,201 to 500 Employees,Company - Private,Aerospace & Defense,Aerospace & Defense,$10 to $25 million (USD),Hampton,VA,26.0,3.8,1,0,205,0,0,0,0,0,0,81500.0
Data Engineer,Unknown,Storm Global Analytics,Unknown,Unknown,Unknown,Unknown,Unknown,New York,NY,37.0,4.0,1,0,123,0,0,0,0,0,1,81500.0
Data Engineer,Senior,Bristol Myers Squibb,10000+ Employees,Company - Public,Biotech & Pharmaceuticals,Biotech & Pharmaceuticals,$10+ billion (USD),Redwood City,CA,163.0,4.1,1,0,140,0,0,0,0,0,1,81500.0
Data Engineer,Unknown,Apple,10000+ Employees,Company - Public,Computer Hardware & Software,Information Technology,$10+ billion (USD),Cambridge,MA,45.0,4.3,1,0,92,0,0,0,0,0,1,81500.0
Data Scientist,Senior,Bridgestone Americas,10000+ Employees,Subsidiary or Business Segment,Industrial Manufacturing,Manufacturing,$10+ billion (USD),Nashville,TN,121.0,3.6,1,0,188,1,0,0,0,0,0,81500.0
Data Scientist,Unknown,Apple,10000+ Employees,Company - Public,Computer Hardware & Software,Information Technology,$10+ billion (USD),San Francisco,CA,45.0,4.3,1,0,176,0,0,0,0,0,0,81500.0
Data Scientist,Unknown,"Information Unlimited, Inc.",Unknown,Unknown,Unknown,Unknown,Unknown,Washington,DC,37.0,4.0,1,0,118,0,1,1,0,1,0,81500.0
Data Analyist,Unknown,Kelly,5001 to 10000 Employees,Company - Public,Staffing & Outsourcing,Business Services,$5 to $10 billion (USD),Austin,TX,75.0,3.5,1,0,30,0,0,0,0,0,0,81500.0
Data Scientist,Unknown,Epsilon,5001 to 10000 Employees,Subsidiary or Business Segment,Advertising & Marketing,Business Services,$2 to $5 billion (USD),Chicago,IL,52.0,3.7,1,0,140,0,0,0,0,0,1,81500.0
Data Scientist,Unknown,Elder Research Inc,51 to 200 Employees,Company - Private,Consulting,Business Services,$10 to $25 million (USD),Arlington,VA,26.0,4.3,1,0,154,1,0,0,0,0,0,81500.0
Data Scientist,Unknown,Daley and Associates,1 to 50 Employees,Company - Private,Staffing & Outsourcing,Business Services,$10 to $25 million (USD),New York,NY,16.0,3.8,1,0,104,0,0,0,0,0,1,81500.0
Data Scientist,Unknown,HCL Technologies,10000+ Employees,Company - Public,Computer Hardware & Software,Information Technology,$5 to $10 billion (USD),Texas,TX,30.0,3.7,1,0,115,0,1,1,0,0,1,81500.0
Data Scientist,Unknown,Creative Financial Staffing,201 to 500 Employees,Company - Private,Staffing & Outsourcing,Business Services,$50 to $100 million (USD),Hartford,CT,27.0,4.6,1,0,117,1,0,1,0,0,1,81500.0
Data Scientist,Unknown,Adlumin Inc.,Unknown,Unknown,Unknown,Unknown,Unknown,Washington,DC,37.0,4.0,1,0,164,1,0,0,0,1,1,81500.0
Data Scientist,Senior,Electric Power Research Institute,Unknown,Company - Private,Unknown,Unknown,Unknown,Washington,DC,37.0,4.0,1,0,94,0,0,0,0,0,0,81500.0
Data Scientist,Unknown,Hilton Grand Vacations,5001 to 10000 Employees,Company - Public,"Hotels, Motels, & Resorts",Travel & Tourism,Unknown,Orlando,FL,29.0,3.9,1,0,90,0,1,1,0,1,0,81500.0
Data Scientist,Unknown,Apple,10000+ Employees,Company - Public,Computer Hardware & Software,Information Technology,$10+ billion (USD),Austin,TX,45.0,4.3,1,0,203,0,0,0,0,0,0,81500.0
Data Scientist,Unknown,Hilton Grand Vacations,5001 to 10000 Employees,Company - Public,"Hotels, Motels, & Resorts",Travel & Tourism,Unknown,Orlando,FL,29.0,3.9,1,0,90,0,1,1,0,1,0,97500.0
Data Scientist,Unknown,Apple,10000+ Employees,Company - Public,Computer Hardware & Software,Information Technology,$10+ billion (USD),Austin,TX,45.0,4.3,1,0,203,0,0,0,0,0,0,97500.0
Data Scientist,Unknown,Apple,Unknown,Unknown,Unknown,Unknown,Unknown,Austin,TX,37.0,4.3,1,0,203,0,0,0,0,0,0,97500.0
Data Scientist,Unknown,Apple,10000+ Employees,Company - Public,Computer Hardware & Software,Information Technology,$10+ billion (USD),Culver City,CA,45.0,4.3,1,0,125,0,0,0,0,0,0,97500.0
Data Scientist,Unknown,Cox Communications Inc,10000+ Employees,Company - Private,"Cable, Internet & Telephone Providers",Telecommunications,$10+ billion (USD),Atlanta,GA,59.0,4.1,1,0,27,0,0,0,0,0,0,97500.0
Data Scientist,Unknown,Apple,10000+ Employees,Company - Public,Computer Hardware & Software,Information Technology,$10+ billion (USD),Austin,TX,45.0,4.3,1,0,164,1,0,0,0,0,1,97500.0
Data Scientist,Unknown,Apple,10000+ Employees,Company - Public,Computer Hardware & Software,Information Technology,$10+ billion (USD),Austin,TX,45.0,4.3,1,0,150,0,0,0,0,0,0,97500.0
Data Scientist,Unknown,Apple,10000+ Employees,Company - Public,Computer Hardware & Software,Information Technology,$10+ billion (USD),Austin,TX,45.0,4.3,1,0,125,0,0,0,0,0,0,97500.0
Data Scientist,Unknown,TEKsystems,1001 to 5000 Employees,Subsidiary or Business Segment,Staffing & Outsourcing,Business Services,$2 to $5 billion (USD),Juno Beach,FL,38.0,3.8,1,0,142,0,1,0,0,0,1,97500.0
Data Scientist,Unknown,Booz Allen Hamilton,10000+ Employees,Company - Public,Consulting,Business Services,$5 to $10 billion (USD),Atlanta,GA,107.0,4.2,1,0,217,0,0,0,0,0,1,97500.0
Data Scientist,Unknown,Insight Global,1001 to 5000 Employees,Company - Private,Staffing & Outsourcing,Business Services,$1 to $5 million (USD),Atlanta,GA,20.0,3.9,1,0,128,1,0,0,0,0,1,97500.0
Data Scientist,Unknown,Verizon,10000+ Employees,Company - Public,Telecommunications Services,Telecommunications,$10+ billion (USD),Roswell,GA,21.0,3.9,1,0,182,1,0,0,0,0,0,97500.0
Data Scientist,Unknown,Apple,10000+ Employees,Company - Public,Computer Hardware & Software,Information Technology,$10+ billion (USD),Culver City,CA,45.0,4.3,1,0,184,0,0,0,0,0,0,97500.0
Data Scientist,Unknown,Safelite Group,10000+ Employees,Company - Private,Auto Repair & Maintenance,"Construction, Repair & Maintenance",$2 to $5 billion (USD),Columbus,OH,74.0,3.5,1,0,120,1,0,0,0,0,0,97500.0
Data Scientist,Unknown,Genworth,1001 to 5000 Employees,Company - Public,Insurance Carriers,Insurance,$5 to $10 billion (USD),Raleigh,NC,17.0,3.8,1,0,512,1,0,0,0,1,0,97500.0
Data Scientist,Unknown,Alexander Technology Group,51 to 200 Employees,Company - Private,Staffing & Outsourcing,Business Services,$25 to $50 million (USD),Boston,MA,14.0,4.4,1,0,77,0,0,0,0,0,0,97500.0
Data Scientist,Unknown,Verizon,10000+ Employees,Company - Public,Telecommunications Services,Telecommunications,$10+ billion (USD),Martinsville,NJ,21.0,3.9,1,0,499,1,0,0,0,1,0,97500.0
Data Scientist,Unknown,Onward Search,51 to 200 Employees,Company - Private,Staffing & Outsourcing,Business Services,$50 to $100 million (USD),Cary,NC,14.0,3.8,1,0,385,1,1,1,1,1,1,97500.0
Data Scientist,Unknown,Adlumin Inc.,Unknown,Unknown,Unknown,Unknown,Unknown,Washington,DC,37.0,4.0,1,0,164,1,0,0,0,1,1,97500.0
Data Scientist,Unknown,Stellantis,10000+ Employees,Company - Private,Transportation Equipment Manufacturing,Manufacturing,$10+ billion (USD),Auburn Hills,MI,37.0,3.7,1,0,117,1,0,0,0,0,0,97500.0
Data Scientist,Unknown,Kapitus,201 to 500 Employees,Self-employed,Unknown,Unknown,Unknown,Maryland,MD,37.0,3.2,1,0,126,0,0,0,0,0,0,97500.0
Data Engineer,Unknown,Trexin Consulting,51 to 200 Employees,Company - Private,Consulting,Business Services,$25 to $50 million (USD),Chicago,IL,16.0,4.0,1,0,189,0,0,0,0,0,1,97500.0
Data Scientist,Unknown,Excelerated Analytics LLC,Unknown,Unknown,Unknown,Unknown,Unknown,Stafford,VA,37.0,4.0,1,0,132,1,0,0,0,0,0,97500.0
Data Scientist,Unknown,Skan,1 to 50 Employees,Company - Private,Staffing & Outsourcing,Business Services,Unknown,San Jose,CA,8.0,4.8,1,0,64,1,0,0,0,0,0,97500.0
Data Scientist,Unknown,PSG Global Solutions,1001 to 5000 Employees,Company - Private,Staffing & Outsourcing,Business Services,$25 to $50 million (USD),Irvine,CA,12.0,4.1,1,0,83,0,1,0,0,0,0,97500.0
Data Scientist,Unknown,CES Limited,51 to 200 Employees,Company - Private,IT Services,Information Technology,$5 to $10 million (USD),Woonsocket,RI,8.0,3.5,1,0,81,0,0,0,0,1,0,97500.0
Data Scientist,Unknown,Northwell Health,10000+ Employees,Nonprofit Organization,Health Care Services & Hospitals,Health Care,$10+ billion (USD),Lake Success,NY,24.0,4.1,1,0,97,1,0,0,0,0,1,97500.0
Data Scientist,Unknown,"Sunfish, Inc.",Unknown,Unknown,Unknown,Unknown,Unknown,Remote,Na,37.0,4.0,1,0,121,0,0,0,0,0,1,97500.0
Data Scientist,Unknown,ApTask India Private Limited,Unknown,Unknown,Unknown,Unknown,Unknown,Broomfield,CO,37.0,4.0,1,0,69,1,1,0,0,0,1,97500.0
Data Scientist,Unknown,#twiceasnice Recruiting,Unknown,Company - Public,Unknown,Unknown,Unknown,Washington,DC,37.0,5.0,1,0,161,0,0,0,0,0,0,97500.0
Machine Learning,Unknown,Ursus,1 to 50 Employees,Company - Private,IT Services,Information Technology,Unknown,Menlo Park,CA,6.0,4.4,1,0,86,0,0,0,0,0,1,154500.0
Data Scientist,Unknown,Northwell Health,10000+ Employees,Nonprofit Organization,Health Care Services & Hospitals,Health Care,$10+ billion (USD),Lake Success,NY,24.0,4.1,1,0,97,1,0,0,0,0,1,154500.0
Data Scientist,Junior,PayPal,10000+ Employees,Company - Public,Internet,Information Technology,$10+ billion (USD),San Jose,CA,23.0,4.1,1,0,391,0,0,0,0,0,0,154500.0
Data Scientist,Unknown,Hulu,1001 to 5000 Employees,Company - Private,TV Broadcast & Cable Networks,Media,$1 to $2 billion (USD),New York,NY,14.0,3.9,1,0,115,1,0,0,0,0,1,154500.0
Data Scientist,Unknown,Harnham,51 to 200 Employees,Company - Private,Staffing & Outsourcing,Business Services,$25 to $50 million (USD),Chicago,IL,15.0,3.9,1,0,65,1,0,0,0,0,0,154500.0
Data Scientist,Unknown,Rhino New York,51 to 200 Employees,Company - Private,Insurance Carriers,Insurance,Unknown,Remote,Na,4.0,4.8,1,0,163,0,0,0,0,0,0,154500.0
Data Scientist,Junior,Cleveland Clinic,10000+ Employees,Nonprofit Organization,Health Care Services & Hospitals,Health Care,$2 to $5 billion (USD),Cleveland,OH,100.0,3.9,1,0,76,1,0,0,0,0,1,154500.0
Data Scientist,Unknown,Waymo,Unknown,Company - Private,Computer Hardware & Software,Information Technology,Unknown,Mountain View,CA,12.0,4.0,1,0,196,0,0,0,0,0,0,154500.0
Data Scientist,Unknown,Kagr Llc,1001 to 5000 Employees,Company - Private,Sports & Recreation,"Arts, Entertainment & Recreation",$1 to $2 billion (USD),Foxboro,MA,23.0,4.2,1,0,141,0,0,0,0,0,0,154500.0
Data Scientist,Unknown,Visa,10000+ Employees,Company - Public,IT Services,Information Technology,$10+ billion (USD),Foster City,CA,63.0,4.1,1,0,190,0,0,0,0,0,0,154500.0
Data Scientist,Unknown,"Grammarly, Inc.",201 to 500 Employees,Company - Private,Internet,Information Technology,Unknown,San Francisco,CA,12.0,5.0,1,0,141,0,0,0,0,0,0,154500.0
Data Scientist,Unknown,Duolingo,201 to 500 Employees,Company - Private,Internet,Information Technology,$100 to $500 million (USD),Pittsburgh,PA,10.0,4.6,1,0,424,1,1,1,0,0,1,154500.0
Data Scientist,Unknown,4Insite,1 to 50 Employees,Company - Private,Enterprise Software & Network Solutions,Information Technology,Unknown,Sacramento,CA,2.0,4.0,1,0,89,0,0,0,0,0,0,154500.0
Data Scientist,Unknown,NutaNXT Technologies,Unknown,Company - Private,Unknown,Unknown,Unknown,Santa Clara,CA,37.0,4.0,1,0,83,0,0,0,0,0,1,154500.0
Data Scientist,Unknown,Density,1 to 50 Employees,Company - Private,Internet,Information Technology,Unknown,Remote,Na,7.0,4.7,1,0,149,0,0,0,0,0,0,154500.0
Data Scientist,Unknown,Texas Research International Inc,51 to 200 Employees,Company - Private,Research & Development,Business Services,Less than $1 million (USD),Austin,TX,37.0,5.0,1,0,85,1,0,0,0,1,0,154500.0
Data Scientist,Unknown,J.D. Power,1001 to 5000 Employees,Company - Private,Research & Development,Business Services,$100 to $500 million (USD),California,CA,53.0,3.0,1,0,716,1,1,1,1,1,1,154500.0
Data Scientist,Unknown,Olive,501 to 1000 Employees,Company - Private,Enterprise Software & Network Solutions,Information Technology,Unknown,Remote,Na,9.0,4.1,1,0,666,1,0,1,0,1,1,154500.0
Data Scientist,Unknown,Honey,10000+ Employees,Company - Public,Internet,Information Technology,$10+ billion (USD),Boulder,CO,23.0,4.1,1,0,233,0,0,0,0,0,0,154500.0
Data Scientist,Unknown,Modernize,51 to 200 Employees,Company - Private,Internet,Information Technology,Unknown,Texas,TX,16.0,4.1,1,0,556,1,1,1,0,0,1,154500.0
Data Scientist,Unknown,Zynga,1001 to 5000 Employees,Company - Public,Video Games,Media,$500 million to $1 billion (USD),Austin,TX,14.0,4.4,1,0,331,0,0,0,0,0,1,154500.0
Data Scientist,Unknown,Workday,10000+ Employees,Company - Public,Enterprise Software & Network Solutions,Information Technology,$2 to $5 billion (USD),New York,NY,16.0,4.2,1,0,162,0,0,0,0,0,0,154500.0
Data Scientist,Unknown,"HealthCare, Inc.",51 to 200 Employees,Private Practice / Firm,Internet,Information Technology,Unknown,Remote,Na,7.0,4.6,1,0,143,0,0,0,0,0,1,154500.0
Data Scientist,Unknown,Shearman & Sterling LLP,1001 to 5000 Employees,Company - Private,Legal,Accounting & Legal,$500 million to $1 billion (USD),New York,NY,148.0,3.7,1,0,132,0,0,0,0,0,0,154500.0
Data Scientist,Unknown,Luminant Generation Company LLC,1001 to 5000 Employees,Subsidiary or Business Segment,Utilities,"Oil, Gas, Energy & Utilities",$100 to $500 million (USD),Irving,TX,37.0,3.6,1,0,127,0,0,0,0,0,0,154500.0
Data Scientist,Unknown,Zensar Technologies,5001 to 10000 Employees,Company - Public,IT Services,Information Technology,$500 million to $1 billion (USD),San Jose,CA,20.0,3.5,1,0,165,0,0,0,0,0,0,154500.0
Data Scientist,Unknown,Spencer Stuart,1001 to 5000 Employees,Company - Private,Staffing & Outsourcing,Business Services,$10 to $25 million (USD),New York,NY,65.0,4.0,1,0,148,0,0,0,0,0,0,154500.0
Data Scientist,Unknown,Facebook,10000+ Employees,Company - Public,Internet,Information Technology,$10+ billion (USD),Washington,DC,17.0,4.3,1,0,270,0,0,0,0,0,0,154500.0
Data Scientist,Unknown,Calendly,201 to 500 Employees,Company - Private,Computer Hardware & Software,Information Technology,Unknown,Georgia,GA,8.0,4.1,1,0,432,1,0,1,1,0,1,154500.0
Data Scientist,Unknown,Southern New Hampshire University,10000+ Employees,College / University,Colleges & Universities,Education,Unknown,Manchester,NH,89.0,4.2,1,0,174,0,0,0,0,0,0,154500.0
Data Scientist,Unknown,Workday,10000+ Employees,Company - Public,Enterprise Software & Network Solutions,Information Technology,$2 to $5 billion (USD),New York,NY,16.0,4.2,1,0,162,0,0,0,0,0,0,131000.0
Data Scientist,Unknown,Zynga,1001 to 5000 Employees,Company - Public,Video Games,Media,$500 million to $1 billion (USD),Austin,TX,14.0,4.4,1,0,331,0,0,0,0,0,1,131000.0
Data Scientist,Unknown,Facebook,10000+ Employees,Company - Public,Internet,Information Technology,$10+ billion (USD),Washington,DC,17.0,4.3,1,0,270,0,0,0,0,0,0,131000.0
Data Scientist,Unknown,"HealthCare, Inc.",51 to 200 Employees,Private Practice / Firm,Internet,Information Technology,Unknown,Remote,Na,7.0,4.6,1,0,143,0,0,0,0,0,1,131000.0
Data Scientist,Unknown,Olive,501 to 1000 Employees,Company - Private,Enterprise Software & Network Solutions,Information Technology,Unknown,Remote,Na,9.0,4.1,1,0,553,1,1,1,0,0,1,131000.0
Data Scientist,Unknown,Shearman & Sterling LLP,1001 to 5000 Employees,Company - Private,Legal,Accounting & Legal,$500 million to $1 billion (USD),New York,NY,148.0,3.7,1,0,132,0,0,0,0,0,0,131000.0
Data Scientist,Unknown,Zensar Technologies,5001 to 10000 Employees,Company - Public,IT Services,Information Technology,$500 million to $1 billion (USD),San Jose,CA,20.0,3.5,1,0,165,0,0,0,0,0,0,131000.0
Data Scientist,Unknown,Luminant Generation Company LLC,1001 to 5000 Employees,Subsidiary or Business Segment,Utilities,"Oil, Gas, Energy & Utilities",$100 to $500 million (USD),Irving,TX,37.0,3.6,1,0,127,0,0,0,0,0,0,131000.0
Data Scientist,Unknown,Southern New Hampshire University,10000+ Employees,College / University,Colleges & Universities,Education,Unknown,Manchester,NH,89.0,4.2,1,0,174,0,0,0,0,0,0,131000.0
Data Scientist,Unknown,Spencer Stuart,1001 to 5000 Employees,Company - Private,Staffing & Outsourcing,Business Services,$10 to $25 million (USD),New York,NY,65.0,4.0,1,0,148,0,0,0,0,0,0,131000.0
Data Scientist,Unknown,Ibotta,501 to 1000 Employees,Company - Private,Internet,Information Technology,Unknown,Denver,CO,9.0,3.8,1,0,825,1,1,1,0,1,1,131000.0
Data Scientist,Unknown,CyberCoders,201 to 500 Employees,Subsidiary or Business Segment,Staffing & Outsourcing,Business Services,$100 to $500 million (USD),Baltimore,MD,22.0,4.1,1,0,122,0,0,0,0,0,0,131000.0
Data Scientist,Unknown,QuinStreet,501 to 1000 Employees,Company - Public,Advertising & Marketing,Business Services,$500 million to $1 billion (USD),Foster City,CA,22.0,3.9,1,0,154,0,0,0,0,0,0,131000.0
Data Scientist,Unknown,Klaviyo,501 to 1000 Employees,Company - Private,Internet,Information Technology,Unknown,Boston,MA,9.0,4.9,1,0,649,1,0,0,0,0,1,131000.0
Data Scientist,Senior,Netflix,5001 to 10000 Employees,Company - Public,Internet,Information Technology,$5 to $10 billion (USD),Los Gatos,CA,24.0,4.2,1,0,139,0,0,0,0,0,0,131000.0
Data Scientist,Unknown,BitSight,201 to 500 Employees,Company - Private,Enterprise Software & Network Solutions,Information Technology,Unknown,Boston,MA,10.0,4.0,1,0,113,0,0,0,0,0,0,131000.0
Data Scientist,Unknown,Berkley,1 to 50 Employees,Company - Private,Logistics & Supply Chain,Transportation & Logistics,$25 to $50 million (USD),Chesterfield,MO,9.0,4.4,1,0,151,0,1,0,0,0,0,131000.0
Data Scientist,Unknown,TransUnion,5001 to 10000 Employees,Company - Public,Financial Analytics & Research,Finance,$1 to $2 billion (USD),Chicago,IL,53.0,4.0,1,0,173,0,0,0,0,0,0,131000.0
Data Scientist,Unknown,Snapchat,1001 to 5000 Employees,Company - Public,Computer Hardware & Software,Information Technology,Unknown,Los Angeles,CA,10.0,4.2,1,0,123,0,0,0,0,0,0,131000.0
Data Scientist,Unknown,Nauto,51 to 200 Employees,Company - Private,Computer Hardware & Software,Information Technology,Unknown,Palo Alto,CA,6.0,4.1,1,0,127,0,0,0,0,0,1,131000.0
Data Scientist,Unknown,Ubisoft,10000+ Employees,Company - Public,Video Games,Media,$2 to $5 billion (USD),Cary,NC,35.0,3.9,1,0,153,0,0,0,0,0,0,131000.0
Data Scientist,Unknown,Intone Networks,201 to 500 Employees,Company - Private,IT Services,Information Technology,$10 to $25 million (USD),Remote,Na,37.0,4.4,1,0,252,1,1,0,0,1,1,131000.0
Data Scientist,Unknown,Kaiser Permanente,10000+ Employees,Nonprofit Organization,Health Care Services & Hospitals,Health Care,$10+ billion (USD),Pasadena,CA,76.0,4.0,1,0,240,0,0,0,0,1,0,131000.0
Data Scientist,Unknown,XIFIN,201 to 500 Employees,Company - Private,Enterprise Software & Network Solutions,Information Technology,$50 to $100 million (USD),San Diego,CA,24.0,4.3,1,0,164,0,0,0,0,0,0,131000.0
Data Scientist,Unknown,Jacobs,10000+ Employees,Company - Public,Architectural & Engineering Services,Business Services,$10+ billion (USD),San Francisco,CA,74.0,3.8,1,0,282,0,0,0,1,0,0,131000.0
Data Scientist,Unknown,IBM,10000+ Employees,Company - Public,IT Services,Information Technology,$10+ billion (USD),Austin,TX,110.0,3.9,1,0,767,0,0,0,0,0,1,131000.0
Data Scientist,Unknown,DeepHealth,Unknown,Company - Private,Unknown,Unknown,Unknown,Cambridge,MA,37.0,4.0,1,0,96,0,1,0,0,0,1,131000.0
Data Scientist,Unknown,Rhombus Power,Unknown,Company - Public,Unknown,Unknown,Unknown,Mountain View,CA,37.0,4.0,1,0,490,1,0,1,1,1,1,131000.0
Data Scientist,Unknown,Halo Solutions,Unknown,Unknown,Unknown,Unknown,Unknown,Remote,Na,37.0,4.0,0,1,74,0,0,0,0,0,1,53400.0
Data Scientist,Unknown,"Sunfish, Inc.",Unknown,Unknown,Unknown,Unknown,Unknown,Remote,Na,37.0,4.0,0,0,121,0,0,0,0,0,1,120000.0
Director,Executive,Charles Schwab,10000+ Employees,Company - Public,Investment Banking & Asset Management,Finance,$10+ billion (USD),Lone Tree,CO,48.0,3.9,0,0,163,0,0,0,0,0,1,199500.0
Data Scientist,Unknown,Interview Query,Unknown,Unknown,Unknown,Unknown,Unknown,Remote,Na,37.0,4.0,0,1,151,0,0,0,0,0,1,72600.0
Data Scientist,Unknown,US Internal Revenue Service,10000+ Employees,Government,Federal Agencies,Government,Unknown,Charlotte Amalie,VI,159.0,3.7,0,0,48,1,0,0,0,0,0,99500.0
Data Scientist,Unknown,LineSlip Solutions,Unknown,Unknown,Unknown,Unknown,Unknown,Remote,Na,37.0,4.0,0,0,104,0,0,0,0,0,0,183000.0
Data Scientist,Unknown,TWO NIL,1 to 50 Employees,Company - Private,Advertising & Marketing,Business Services,Unknown,California,CA,2.0,2.9,0,0,517,1,1,1,0,1,1,183000.0
Data Scientist,Senior,"Innovent Biologics(Suzhou)Co.,Ltd.",Unknown,Unknown,Unknown,Unknown,Unknown,Rockville,MD,37.0,4.0,0,0,80,0,0,0,0,0,0,183000.0
Data Scientist,Unknown,Illumina,5001 to 10000 Employees,Company - Public,Biotech & Pharmaceuticals,Biotech & Pharmaceuticals,$2 to $5 billion (USD),San Diego,CA,23.0,4.1,0,0,267,0,0,0,0,0,0,183000.0
Data Scientist,Unknown,Adlumin Inc.,Unknown,Unknown,Unknown,Unknown,Unknown,Washington,DC,37.0,4.0,0,0,164,1,0,0,0,1,1,183000.0
Data Scientist,Unknown,Calendly,201 to 500 Employees,Company - Private,Computer Hardware & Software,Information Technology,Unknown,Georgia,GA,8.0,4.1,0,0,432,1,0,1,1,0,1,183000.0
Data Scientist,Unknown,Interview Query,Unknown,Unknown,Unknown,Unknown,Unknown,Remote,Na,37.0,4.0,0,0,151,0,0,0,0,0,1,183000.0
Data Scientist,Unknown,AstraZeneca,10000+ Employees,Company - Public,Biotech & Pharmaceuticals,Biotech & Pharmaceuticals,$10+ billion (USD),Gaithersburg,MD,108.0,4.2,0,0,92,0,0,0,0,0,0,183000.0
Data Scientist,Junior,HEB,10000+ Employees,Company - Private,Grocery Stores & Supermarkets,Retail,$10+ billion (USD),Spring,TX,116.0,4.3,0,0,394,1,1,1,0,0,1,183000.0
Data Scientist,Unknown,TCS,1 to 50 Employees,Company - Private,Telecommunications Services,Telecommunications,Unknown,Raritan,NJ,74.0,4.0,0,0,57,0,1,0,0,0,0,183000.0
Data Scientist,Unknown,TCS,10000+ Employees,Company - Public,IT Services,Information Technology,$10+ billion (USD),Raritan,NJ,110.0,3.9,0,0,57,0,1,0,0,0,0,183000.0
Data Scientist,Unknown,Stanford Health Care,10000+ Employees,Hospital,Health Care Services & Hospitals,Health Care,$2 to $5 billion (USD),Palo Alto,CA,64.0,3.9,0,0,143,0,0,0,0,0,0,183000.0
Data Scientist,Unknown,Siemens,10000+ Employees,Company - Public,Electrical & Electronic Manufacturing,Manufacturing,$10+ billion (USD),Tarrytown,NY,178.0,4.1,0,0,162,1,0,0,0,0,1,183000.0
Data Engineer,Junior,Technica Corporation,201 to 500 Employees,Company - Private,IT Services,Information Technology,$100 to $500 million (USD),Sterling,VA,30.0,3.4,0,0,152,0,0,0,0,0,0,183000.0
Data Engineer,Junior,Google,10000+ Employees,Company - Public,Internet,Information Technology,$10+ billion (USD),Goleta,CA,23.0,4.5,0,0,135,0,0,0,0,0,0,183000.0
Data Scientist,Unknown,Sun Oak,1 to 50 Employees,Company - Private,Consulting,Business Services,Unknown,Miami,FL,3.0,4.0,0,0,211,1,0,0,0,0,0,183000.0
Data Scientist,Senior,Deck,51 to 200 Employees,Company - Private,Unknown,Unknown,Unknown,Remote,Na,37.0,3.6,0,0,69,0,0,0,0,0,0,183000.0
Data Scientist,Unknown,Lakeland Book Company,Unknown,Unknown,Unknown,Unknown,Unknown,Bolingbrook,IL,37.0,4.0,0,0,125,1,0,0,0,0,1,183000.0
Data Scientist,Unknown,Darkblade Systems Corporation,51 to 200 Employees,Company - Private,Aerospace & Defense,Aerospace & Defense,$10 to $25 million (USD),McLean,VA,11.0,4.8,0,0,39,0,0,0,0,0,0,183000.0
Data Scientist,Unknown,Arundo Analytics,51 to 200 Employees,Company - Private,Enterprise Software & Network Solutions,Information Technology,Unknown,Houston,TX,6.0,4.0,0,0,908,1,1,0,0,0,1,183000.0
Data Engineer,Unknown,Cisco Systems,10000+ Employees,Company - Private,Computer Hardware & Software,Information Technology,$10+ billion (USD),San Jose,CA,37.0,4.3,0,0,702,1,1,1,0,1,1,183000.0
Data Scientist,Unknown,eBay Inc.,10000+ Employees,Company - Public,Internet,Information Technology,$10+ billion (USD),San Jose,CA,26.0,4.0,0,0,121,0,0,0,0,0,0,183000.0
Data Scientist,Unknown,Nuvento systems,51 to 200 Employees,Company - Private,IT Services,Information Technology,$50 to $100 million (USD),Overland Park,KS,14.0,3.7,0,0,30,0,0,1,0,1,0,183000.0
Data Engineer,Unknown,HP,10000+ Employees,Company - Public,Computer Hardware & Software,Information Technology,Unknown,Spring,TX,82.0,4.2,0,0,110,1,0,0,0,0,0,183000.0
Data Scientist,Unknown,"giftHEALTH, Inc.",1 to 50 Employees,Company - Private,Enterprise Software & Network Solutions,Information Technology,Unknown,Columbus,OH,1.0,4.0,0,0,88,0,0,0,0,0,0,183000.0
Data Scientist,Unknown,McKinsey & Company,10000+ Employees,Company - Private,Consulting,Business Services,Unknown,East Boston,MA,95.0,4.4,0,0,74,1,1,1,0,0,1,183000.0
Data Scientist,Unknown,Yeoman Asset Management,Unknown,Unknown,Unknown,Unknown,Unknown,Louisville,CO,37.0,4.0,0,0,170,0,0,0,0,0,0,183000.0
Data Scientist,Senior,Salesforce,10000+ Employees,Company - Public,Computer Hardware & Software,Information Technology,$10+ billion (USD),Remote,Na,22.0,4.4,0,0,185,0,0,0,0,1,1,142000.0
Data Scientist,Unknown,Arundo Analytics,51 to 200 Employees,Company - Private,Enterprise Software & Network Solutions,Information Technology,Unknown,Houston,TX,6.0,4.0,0,0,908,1,1,0,0,0,1,142000.0
Data Scientist,Senior,Envision,51 to 200 Employees,Company - Private,Advertising & Marketing,Business Services,Unknown,Saint Louis,MO,37.0,4.0,0,0,75,1,1,0,0,0,1,142000.0
Data Scientist,Unknown,Delaware Nation Industries,Unknown,Unknown,Unknown,Unknown,Unknown,Washington,DC,37.0,4.0,0,0,77,0,0,0,0,0,0,142000.0
Data Scientist,Senior,Slack,1001 to 5000 Employees,Company - Public,Internet,Information Technology,Unknown,San Francisco,CA,7.0,4.7,0,0,437,1,1,1,0,0,1,142000.0
Data Scientist,Mid,ZoomInfo Technologies LLC,1001 to 5000 Employees,Company - Public,Computer Hardware & Software,Information Technology,Unknown,Vancouver,WA,21.0,4.0,0,0,281,1,1,1,1,1,1,142000.0
Data Scientist,Senior,Eagle Rock Analytics,Unknown,Unknown,Unknown,Unknown,Unknown,Remote,Na,37.0,4.0,0,0,147,0,0,0,0,0,0,142000.0
Data Scientist,Mid,Caterpillar,10000+ Employees,Company - Public,Industrial Manufacturing,Manufacturing,$10+ billion (USD),Houston,TX,96.0,3.9,0,0,136,1,0,0,0,0,0,142000.0
Data Scientist,Unknown,FriendFinder Networks,201 to 500 Employees,Company - Private,Internet,Information Technology,$25 to $50 million (USD),Campbell,CA,25.0,2.9,0,0,124,0,0,0,0,0,0,142000.0
Data Scientist,Executive,New York University,10000+ Employees,College / University,Colleges & Universities,Education,$5 to $10 billion (USD),New York,NY,190.0,4.3,0,0,75,0,0,0,0,0,0,142000.0
Data Scientist,Unknown,James River Insurance Company,501 to 1000 Employees,Company - Public,Insurance Carriers,Insurance,$100 to $500 million (USD),Remote,Na,19.0,3.1,0,0,166,0,0,0,0,0,0,142000.0
Data Scientist,Senior,"Innovent Biologics(Suzhou)Co.,Ltd.",Unknown,Unknown,Unknown,Unknown,Unknown,Rockville,MD,37.0,4.0,0,0,80,0,0,0,0,0,0,142000.0
Data Scientist,Unknown,23andMe,501 to 1000 Employees,Company - Private,Biotech & Pharmaceuticals,Biotech & Pharmaceuticals,Unknown,Sunnyvale,CA,15.0,4.1,0,0,457,0,0,1,1,0,0,142000.0
Unknown,Unknown,Massive Bio,1 to 50 Employees,Company - Public,Biotech & Pharmaceuticals,Biotech & Pharmaceuticals,Unknown,Remote,Na,7.0,4.7,0,0,57,0,0,0,0,0,1,142000.0
Data Scientist,Unknown,ALLDATA,501 to 1000 Employees,Subsidiary or Business Segment,Computer Hardware & Software,Information Technology,$50 to $100 million (USD),Elk Grove,CA,35.0,4.0,0,0,136,0,0,0,0,0,0,142000.0
Data Scientist,Unknown,US Internal Revenue Service,10000+ Employees,Government,Federal Agencies,Government,Unknown,Charlotte Amalie,VI,159.0,3.7,0,0,34,0,0,0,0,0,0,141000.0
Data Scientist,Senior,Attunely,Unknown,Unknown,Unknown,Unknown,Unknown,Seattle,WA,37.0,4.0,0,0,124,1,0,0,0,0,1,180000.0
Data Scientist,Senior,Microsoft,10000+ Employees,Company - Public,Computer Hardware & Software,Information Technology,$10+ billion (USD),Redmond,WA,46.0,4.4,0,0,166,0,0,0,0,1,0,183000.0
Data Scientist,Mid,Humana,10000+ Employees,Company - Public,Insurance Carriers,Insurance,$10+ billion (USD),Irving,TX,60.0,4.1,0,0,112,1,0,0,0,0,0,183000.0
Data Scientist,Unknown,Atruz Solutions,Unknown,Unknown,Unknown,Unknown,Unknown,San Diego,CA,37.0,4.0,0,0,89,1,0,0,0,0,1,183000.0
Data Scientist,Senior,Salesforce,10000+ Employees,Company - Public,Computer Hardware & Software,Information Technology,$10+ billion (USD),Remote,Na,22.0,4.4,0,0,185,0,0,0,0,1,1,183000.0
Data Scientist,Senior,Albertsons Companies,10000+ Employees,Company - Public,Grocery Stores & Supermarkets,Retail,$10+ billion (USD),Pleasanton,CA,82.0,3.4,0,0,153,0,0,0,0,0,0,183000.0
Data Scientist,Junior,"Advanced Micro Devices, Inc.",5001 to 10000 Employees,Company - Public,Computer Hardware & Software,Information Technology,$2 to $5 billion (USD),Austin,TX,52.0,4.1,0,0,123,0,0,0,0,0,0,183000.0
Data Scientist,Unknown,Deliverr Inc,51 to 200 Employees,Company - Private,Logistics & Supply Chain,Transportation & Logistics,Unknown,California,CA,4.0,4.7,0,0,364,1,1,1,1,0,1,183000.0
Data Scientist,Senior,Paylocity,1001 to 5000 Employees,Company - Public,Enterprise Software & Network Solutions,Information Technology,$100 to $500 million (USD),Remote,Na,24.0,4.4,0,0,113,0,0,0,0,0,0,183000.0
Data Scientist,Unknown,Orchard,51 to 200 Employees,Company - Private,Real Estate,Real Estate,Unknown,New York,NY,4.0,4.8,0,0,689,1,0,1,0,1,1,183000.0
Director,Executive,Arizona State University,5001 to 10000 Employees,College / University,Colleges & Universities,Education,$1 to $2 billion (USD),Tempe,AZ,136.0,4.3,0,0,152,1,0,0,0,1,0,183000.0
Data Engineer,Unknown,Raytheon Intelligence & Space,10000+ Employees,Subsidiary or Business Segment,Aerospace & Defense,Aerospace & Defense,$10+ billion (USD),Dallas,TX,1.0,3.9,0,0,30,0,0,0,0,0,0,183000.0
Data Scientist,Senior,Apple,10000+ Employees,Company - Public,Computer Hardware & Software,Information Technology,$10+ billion (USD),United States,Na,45.0,4.3,0,0,147,0,0,0,0,0,1,183000.0
Data Scientist,Senior,Slack,1001 to 5000 Employees,Company - Public,Internet,Information Technology,Unknown,San Francisco,CA,7.0,4.7,0,0,437,1,1,1,0,0,1,183000.0
Data Scientist,Unknown,Amsted Rail,1001 to 5000 Employees,Company - Private,Rail,Transportation & Logistics,$500 million to $1 billion (USD),Petersburg,VA,37.0,3.4,0,0,88,0,0,0,0,0,1,183000.0
Data Scientist,Unknown,Metagenomi,1 to 50 Employees,Company - Private,Biotech & Pharmaceuticals,Biotech & Pharmaceuticals,Unknown,Emeryville,CA,3.0,5.0,0,0,93,0,0,0,0,0,0,183000.0
Data Scientist,Mid,Humana,10000+ Employees,Company - Public,Insurance Carriers,Insurance,$10+ billion (USD),Irving,TX,60.0,4.1,0,0,112,1,0,0,0,0,0,157500.0
